[{"title": "\ubdf0\ud2f0\ud480 \ubbfc\ud2b8 \ub77c\uc774\ud504 2023 \ubba4\uc9c1 \ud398\uc2a4\ud2f0\ubc8c \ubdf0\ubbfc\ub77c <b>\ud3ec\uc2a4\ucf54</b> \ud31d\uc5c5... ", "link": "https://blog.naver.com/pih870318/223103807388", "description": "2023 \ubba4\uc9c1 \ud398\uc2a4\ud2f0\ubc8c \ubdf0\ubbfc\ub77c \ubdf0\ud2f0\ud480 \ubbfc\ud2b8 \ub77c\uc774\ud504 <b>\ud3ec\uc2a4\ucf54</b> \ud31d\uc5c5 \ud3ec\uc11d\ud638 \uce90\ub9ad\ud130 \uc778\uc99d\uc0f7 \uc774\ubca4\ud2b8\uae4c\uc9c0... \uc774\ubc88 \ubdf0\ud2f0\ud480 \ubbfc\ud2b8 \ub77c\uc774\ud504 2023\uc5d0\ub294 \uac8c\ubcf4\ub9b0, <b>\ud3ec\uc2a4\ucf54</b>, \ubba4\uc9c1\uce74\uc6b0 \ub4f1\uc758 \ubd80\uc2a4\ub97c \ub9cc\ub0a0 \uc218 \uc788\uc5c8\ub294\ub370\uc694. \uc0ac\uc2e4 <b>\ud3ec\uc2a4\ucf54</b>\uc5d0\uc11c... ", "bloggername": "\ucd08\ucf54\ud61c 365\uc77c \ub9e4\uc77c\uc774 \uc5ec\ud589 \u266a", "bloggerlink": "blog.naver.com/pih870318", "postdate": "20230516"}, {"title": "\u2663 5\uc6d4 <b>\ud3ec\uc2a4\ucf54</b> \uadf8\ub8f9\uc8fc \uc8fc\uac00 \ud750\ub984", "link": "https://blog.naver.com/photoman75/223101456174", "description": "\u00a9 traxer, \ucd9c\ucc98 Unsplash <b>\ud3ec\uc2a4\ucf54</b> \uadf8\ub8f9\uc8fc\uac00 3\uc6d4 \uc774\ud6c4 \uc218\uae09\uc774 \ubab0\ub9ac\uba74\uc11c \uae09\ub4f1\ud55c \ud6c4 4\uc6d4 20\uc77c \uc774\ud6c4 \uc870\uc815\uc744 \ubc1b\uc73c\uba70 \ud558\ub77d\ud558\uace0 \uc788\ub2e4. <b>\ud3ec\uc2a4\ucf54</b>\uc778\ud130\ub0b4\uc154\ub110\uc740 <b>\ud3ec\uc2a4\ucf54</b>\uadf8\ub8f9\uc8fc\uc911\uc5d0\uc11c \uac00\uc7a5 \ub2a6\uac8c \ubc1c\ub3d9\uc774 \uac78\ub9ac\uba70 4\uc6d4 13\uc77c \uc885\uac00 22,250\uc6d0... ", "bloggername": "\uc228 \uadf8\ub9ac\uace0 \uc0b6", "bloggerlink": "blog.naver.com/photoman75", "postdate": "20230514"}, {"title": "\ubb38\ud604 <b>\ud3ec\uc2a4\ucf54</b> \uc13c\ud2b8\ub7f4\ud3ec\ub808 \ubd80\uc801\uaca9\uc138\ub300 \uc54c\uc544\ubcf4\uc138\uc694", "link": "https://blog.naver.com/guen1600/223071175085", "description": "\ubb38\ud604 <b>\ud3ec\uc2a4\ucf54</b> \uc13c\ud2b8\ub7f4\ud3ec\ub808 \ubd80\uc801\uaca9\uc138\ub300 \uc120\ucc29\uc21c \uacf5\uae09\uc548\ub0b4 \ubb38\ud604 \uc13c\ud2b8\ub7f4\ud3ec\ub808 <b>\ud3ec\uc2a4\ucf54</b> \uc544\ud30c\ud2b8\ub294 \ubd80\uc0b0\uad11\uc5ed\uc2dc \ub0a8\uad6c \ubb38\ud604\ub3d9 334\ubc88\uc9c0 \uc77c\uc6d0\uc5d0 \uc704\uce58\ud558\ub294 \uc9c0\uc5ed\uc8fc\ud0dd\uc870\ud569 \uc544\ud30c\ud2b8\uc785\ub2c8\ub2e4. <b>\ud3ec\uc2a4\ucf54</b> \uac74\uc124\uc774 \uc2dc\uacf5\ud560 \uc608\uc815\uc774\uba70... ", "bloggername": "\ub3c8 \uac71\uc815 \uc5c6\ub294 \uc778\uc0dd \ub9cc\ub4e4\uae30", "bloggerlink": "blog.naver.com/guen1600", "postdate": "20230411"}, {"title": "\ubb38\ud604 <b>\ud3ec\uc2a4\ucf54</b> \uc13c\ud2b8\ub7f4\ud3ec\ub808 \ubb38\ud604\ub3d9 \ub9c8\ub8e8 \uc544\ud30c\ud2b8", "link": "https://blog.naver.com/sanbok91/223086651151", "description": "\ubb38\ud604 <b>\ud3ec\uc2a4\ucf54</b> \uc13c\ud2b8\ub7f4\ud3ec\ub808 \ubb38\ud604\ub3d9 \ub9c8\ub8e8 \uc544\ud30c\ud2b8 \uc815\ubd80\uc758 \ubd80\ub3d9\uc0b0 \uaddc\uc81c \uc644\ud654\ucc45 \uc774\ud6c4\uc5d0 \uc5ec\ub7ec \uc9c0\ud45c\uac00 \uac1c\uc120\ub418\uba70... \uc774\ub7f0 \uce21\uba74\uc5d0\uc11c \uc591\ud638\ud55c \uc785\uc9c0\uc5d0 \ub4e4\uc5b4\uc11c\ub294 \uc9c0\uc5ed\uc8fc\ud0dd\uc870\ud569 \uc544\ud30c\ud2b8 \ubb38\ud604 <b>\ud3ec\uc2a4\ucf54</b> \uc13c\ud2b8\ub7f4\ud3ec\ub808 \uc18c\uac1c\ud569\ub2c8\ub2e4.... ", "bloggername": "\ubd80\ub3d9\uc0b0\uc2a4\ud1a0\ub9ac", "bloggerlink": "blog.naver.com/sanbok91", "postdate": "20230427"}, {"title": "\ubb38\ud604 <b>\ud3ec\uc2a4\ucf54</b> \uc13c\ud2b8\ub7f4\ud3ec\ub808 \ubd80\uc801\uaca9\uc138\ub300 \ud604\uc7a5\uc18c\uc2dd", "link": "https://blog.naver.com/wpthdud0/223085508053", "description": "\ubb38\ud604 \uc13c\ud2b8\ub7f4\ud3ec\ub808 - \uc2dc\uacf5\uc0ac <b>\ud3ec\uc2a4\ucf54</b> \uac74\uc124 2022\ub144 4\uc6d4 \uc0ac\uc5c5\uc2b9\uc778 \uc2e0\uccad\uc744 \ud558\uc600\uace0 2023\ub144 6\uc6d4 \uc0ac\uc5c5\uc2b9\uc778\uc744 \uc55e\ub450\uace0... \uc624\ub298\uc740 \uadf8\uc911\uc5d0\uc11c\ub3c4 \ub0a8\ub2e4\ub978 \uc0dd\ud65c\ud658\uacbd\uc73c\ub85c \ud654\uc81c\uac00 \ub41c \ubb38\ud604 <b>\ud3ec\uc2a4\ucf54</b> \uc13c\ud2b8\ub7f4\ud3ec\ub808\uc5d0 \ub300\ud574 \uc54c\uc544\ubcf4\uaca0\uc2b5\ub2c8\ub2e4.... ", "bloggername": "\ud558\ud558\ud558\uc774\ubaa8\uc758 \ubd80\ub3d9\uc0b0\uc815\ubcf4", "bloggerlink": "blog.naver.com/wpthdud0", "postdate": "20230426"}, {"title": "\ubb38\ud604 <b>\ud3ec\uc2a4\ucf54</b> \uc13c\ud2b8\ub7f4\ud3ec\ub808 \ubb38\ud604\ub3d9\uc544\ud30c\ud2b8 \uc870\ud569\uc6d0 \uc120\ucc29\uc21c", "link": "https://blog.naver.com/blueming1212/223102525444", "description": "\ubb38\ud604 <b>\ud3ec\uc2a4\ucf54</b> \uc13c\ud2b8\ub7f4\ud3ec\ub808 \ubb38\ud604\ub3d9 \uc544\ud30c\ud2b8 \uc870\ud569\uc6d0 \uc120\ucc29\uc21c (\ubb38\ud604\ub9c8\ub8e8\uc9c0\uc5ed\uc8fc\ud0dd\uc870\ud569) \ubd80\uc0b0\uad11\uc5ed\uc2dc \ub0a8\uad6c \ubb38\ud604\ub3d9 334\ubc88\uc9c0 \uc77c\uc6d0\uc774 \uc0ac\uc5c5\ubd80\uc9c0\uc778 \ubb38\ud604 <b>\ud3ec\uc2a4\ucf54</b> \uc13c\ud2b8\ub7f4\ud3ec\ub808 \uc0ac\uc5c5\uc2b9\uc778 \uc811\uc218\uc18c\uc2dd\uacfc \ub354\ubd88\uc5b4 \uc870\ud569\uc6d0 \uc790\uaca9\uc774... ", "bloggername": "blue life", "bloggerlink": "blog.naver.com/blueming1212", "postdate": "20230515"}, {"title": "\ubb38\ud604 <b>\ud3ec\uc2a4\ucf54</b> \uc13c\ud2b8\ub7f4\ud3ec\ub808 \ubb38\ud604\ub3d9 \uc544\ud30c\ud2b8 \ubd84\uc591 \uc815\ubcf4 \ub9c8\ub8e8 \ubd80\uc801\uaca9... ", "link": "https://blog.naver.com/lsk720426/223073893863", "description": "\ubb38\ud604 <b>\ud3ec\uc2a4\ucf54</b> \uc13c\ud2b8\ub7f4\ud3ec\ub808 \ubb38\ud604\ub3d9 \uc544\ud30c\ud2b8 \ubd84\uc591 \uc815\ubcf4 \ubd80\uc801\uaca9\uc138\ub300 \uc774\ubc88 \uc2dc\uc98c \uac00\uc7a5 \ud56b\ud55c \uacf3\uc774\ub77c \ud560 \uc218 \uc788\ub294 \ubb38\ud604 <b>\ud3ec\uc2a4\ucf54</b> \uc13c\ud2b8\ub7f4\ud3ec\ub808 \uc544\ud30c\ud2b8 \uacf5\uae09 \uc18c\uc2dd\uc785\ub2c8\ub2e4. \ubb38\ud604\ub9c8\ub8e8\uc9c0\uc5ed\uc8fc\ud0dd\uc870\ud569\uc73c\ub85c \ubd80\uc801\uaca9 \uc138\ub300\uac00 \uc788\uc5b4, \ub9c8\uc9c0\ub9c9... ", "bloggername": "\ubc14\ub78c\ubcc4\uc18c\ub9ac\u2661\ubd80\uc0b0 \uc18c\ud615\uc544\ud30c\ud2b8 \uc2e0\ucd95\ube4c\ub77c \ubd84\uc591\u2606\ub9e4\ub9e4", "bloggerlink": "blog.naver.com/lsk720426", "postdate": "20230413"}, {"title": "\uc81c\uc8fc \uc5f0\ub3d9 \ub354\uc0f5 \uc560\ube44\ub274 <b>\ud3ec\uc2a4\ucf54</b> \ubd84\uc591 \uc815\ubcf4", "link": "https://blog.naver.com/94xbanlulg/223104148991", "description": "https://home-planner.co.kr/yd-sharp <b>\ud3ec\uc2a4\ucf54</b>\uac74\uc124\uc5d0\uc11c \uc2e0\uaddc \uc544\ud30c\ud2b8\uc778 \uc5f0\ub3d9 \ub354\uc0f5 \uc560\ube44\ub274\ub97c 6\uc6d4\uc5d0 \uacf5\uae09\ud560... \uc81c\uc8fc \uc5f0\ub3d9 <b>\ud3ec\uc2a4\ucf54</b> \ub354\uc0f5\uc740 \uc81c\uc8fc\ud55c\ub77c\ubcd1\uc6d0\uc774 \uc8fc\ubcc0\uc5d0 \uc704\uce58\ud558\uace0 \uc788\ub294 \uac83\uc744 \ud655\uc778\ud560 \uc218 \uc788\uc2b5\ub2c8\ub2e4. \uc81c\uc8fc\ud55c\ub77c\ubcd1\uc6d0\uc740... ", "bloggername": "\uae40\uc18c\uc7a5\uc758 \ubd80\ub3d9\uc0b0 \uc7ac\ud14c\ud06c", "bloggerlink": "blog.naver.com/94xbanlulg", "postdate": "20230517"}, {"title": "\ub9ac\ud2ac \ub300\uc7a5\uc8fc <b>\ud3ec\uc2a4\ucf54</b> \uc5e0\ud14d \uae09\ub4f1 \uc774\uc720\uac00 \ubb34\uc5c7?", "link": "https://blog.naver.com/noel0521/223075610788", "description": "\uac00\uc838\uac00\ub124\uc694 <b>\ud3ec\uc2a4\ucf54</b> \uc5e0\ud14d \ud754\ud788 \ub9ac\ud2ac \uc5c6\ub294 \ub9ac\ud2ac\uc8fc\ub77c\uace0 \ud558\ub294 \ub9d0\uc774 \ub4e4\ub9ac\ub294\ub370\uc694 \uc774 \ud68c\uc0ac\ub294 \ucca0\uad11\uc11d\uc5d0\uc11c \uc0b0\uc18c\ub97c \ubd84\ub9ac\ud558\ub294 \uace0\uc21c\ub3c4 \uc54c\ub8e8\ubbf8\ub284 \ud0c8\uc0b0\uc81c\ub97c \uc9c1\uc811 \uc0dd\uc0b0\ud558\ub294 \uae30\uc5c5\uc785\ub2c8\ub2e4 <b>\ud3ec\uc2a4\ucf54</b>\uc758 \uc9c1\uacc4 \ud68c\uc0ac \uc911 \uc720\uc77c\ud558\uac8c... ", "bloggername": "\ub178\uc744\ubd80\uc790\uc758 \uacbd\uc81cLife", "bloggerlink": "blog.naver.com/noel0521", "postdate": "20230415"}, {"title": "\ubb38\ud604 <b>\ud3ec\uc2a4\ucf54</b> \uc13c\ud2b8\ub7f4\ud3ec\ub808 \ubd80\uc0b0 \uc544\ud30c\ud2b8 \uacf5\uae09 \uc815\ubcf4", "link": "https://blog.naver.com/realstudy_/223082308195", "description": "\ubb38\ud604 <b>\ud3ec\uc2a4\ucf54</b> \uc13c\ud2b8\ub7f4\ud3ec\ub808\ub294 \ub0a8\uad6c \ucd5c\uc911\uc2ec\uc5d0 \uc704\uce58\ud55c \ud604\uc7a5\uc785\ub2c8\ub2e4. \uc5f0\uba74\uc801\uc774 114,661.24\uc81c\uacf1\ubbf8\ud130\ub85c... \ubb38\ud604 <b>\ud3ec\uc2a4\ucf54</b> \uc13c\ud2b8\ub7f4\ud3ec\ub808\uc640 \uac00\uae4c\uc6b4 \uacf3\uc5d0\ub294 \uc6b0\ub8e1\uc0b0 \uacf5\uc6d0\uc774 \uc704\uce58\ud588\uc2b5\ub2c8\ub2e4. \uc790\uc131\ub300\uacf5\uc6d0\ub3c4 \uac00\uae4c\uc6cc \ub179\uc9c0 \uacf5\uac04\ub3c4 \uc811\ud560... ", "bloggername": "\ubd80\ub3d9\uc0b0, \uacbd\uc81c \uacf5\ubd80", "bloggerlink": "blog.naver.com/realstudy_", "postdate": "20230422"}, {"title": "2\ucc28\uc804\uc9c0 \uad00\ub828\uc8fc \ub300\uc7a5\uc8fc <b>\ud3ec\uc2a4\ucf54</b>\ud4e8\uccd0\uc5e0 (\uad6c <b>\ud3ec\uc2a4\ucf54</b>\ucf00\ubbf8\uce7c) \uc815\ub9ac\ud574\ubd04", "link": "https://blog.naver.com/eatlunche/223075885396", "description": "<b>\ud3ec\uc2a4\ucf54</b>\ud4e8\uccd0\uc5e0 \ubb50\ud558\ub294 \ud68c\uc0ac\uc778\uac00? 2. <b>\ud3ec\uc2a4\ucf54</b>\ud4e8\uccd0\uc5e0 \uc8fc\uac00 \ud604\ud669 3. \uc2e4\uc801 \ud55c \ubc88 \ubcfc\uae4c? 4. \ubbf8\ub798\ub294? \uc548\ub155\ud558\uc138\uc694. \uc694\uc0c8 \uc2dc\uc7a5\uc758 \uac00\uc7a5 \ub728\uac70\uc6b4 \uc8fc\uc2dd\uc740 \uc88b\uc740\ucabd\uc73c\ub85c\ub098 \ub098\uc05c\ucabd\uc73c\ub85c\ub098 2\ucc28\uc804\uc9c0 \uc8fc\uc2dd\uc785\ub2c8\ub2e4. \uc0ac\uc2e4\uc0c1 \ucf54\uc2a4\ub2e5\uc758 \ub7a0\ub9ac\ub97c... ", "bloggername": "\ubb34\uc2dd\ud558\uac8c \ud22c\uc790\ud558\uae30", "bloggerlink": "blog.naver.com/eatlunche", "postdate": "20230416"}, {"title": "[4\uc6d4 17\uc77c \ub9c8\uac10\uc2dc\ud669] <b>\ud3ec\uc2a4\ucf54</b>\uadf8\ub8f9\uc8fc\uc758 \uac15\uc138. \ucc10 2\ucc28\uc804\uc9c0\uc8fc\ub294... ", "link": "https://blog.naver.com/nuzzon603/223077848307", "description": "Check <b>\ud3ec\uc2a4\ucf54</b>\uadf8\ub8f9\uc758 2\ucc28\uc804\uc9c0 \uc0ac\uc5c5\uc774 \uc8fc\ubaa9\ubc1b\uc73c\uba74\uc11c \ub9e4\uc218\uc138 \ubab0\ub824 <b>\ud3ec\uc2a4\ucf54</b>\ud4e8\ucc98\uc5e0\uc740 \uc2e0\uace0\uac00 \uae30\ub85d \uc774 \ubc16\uc5d0\ub3c4 <b>\ud3ec\uc2a4\ucf54</b>\uadf8\ub8f9 \ub0b4 <b>\ud3ec\uc2a4\ucf54</b>\uc2a4\ud2f8\ub9ac\uc628\uc774 \uc0c1\ud55c\uac00 \uae30\ub85d. <b>\ud3ec\uc2a4\ucf54</b>\uc778\ud130\ub0b4\uc154\ub110, <b>\ud3ec\uc2a4\ucf54</b>DX, POSCO\ud640\ub529\uc2a4 \ub4f1\ub3c4... ", "bloggername": "\uacbd\uc81c\uc77d\ub294 \uaf3c\uc9c0\ub77d \uc9c0\ub2c8", "bloggerlink": "blog.naver.com/nuzzon603", "postdate": "20230418"}, {"title": "<b>\ud3ec\uc2a4\ucf54</b>\ud4e8\ucc98\uc5e0 \uc8fc\uac00, \ube44\uc2fc\ub370\ub294 \ub2e4 \uc774\uc720\uac00 \uc788\ub124.", "link": "https://blog.naver.com/now_2716/223088343050", "description": "\u203b\ub2f9\uc0ac\uc758 \uc0ac\uba85\uc774 <b>\ud3ec\uc2a4\ucf54</b>\ucf00\ubbf8\uce7c\uc5d0\uc11c <b>\ud3ec\uc2a4\ucf54</b>\ud4e8\ucc98\uc5e0\uc73c\ub85c \ubcc0\uacbd\ub418\uc5c8\uc2b5\ub2c8\ub2e4. \ub2f9\uc0ac\uc758 \uc0ac\uc5c5\ubd80\ubb38 (\uc0ac\uc5c5\ubd80\ubb38\ubcc4) \u2460 \ub0b4\ud654\ubb3c\uc0ac\uc5c5 \u2461 \ub77c\uc784\ud654\uc131\uc0ac\uc5c5 \u2462 \uc5d0\ub108\uc9c0\uc18c\uc7ac\uc0ac\uc5c5  \uc544\ub798\ub294 \uc0ac\uc5c5\ubd80\ubb38\ubcc4\ub85c \ubcf4\ub2e4 \ub192\uc740 \uc774\ud574\ub97c \ub3d5\uae30 \uc704\ud55c... ", "bloggername": "\uba85\ud1a0\ub974", "bloggerlink": "blog.naver.com/now_2716", "postdate": "20230429"}, {"title": "<b>\ud3ec\uc2a4\ucf54</b> \uc778\ud130\ub124\uc154\ub110\uc758 \ubc29\ud5a5\uc740?", "link": "https://blog.naver.com/sgtkim79/223082182857", "description": "2\ucc28 \uc804\uc9c0\uc8fc\ub85c \uac11\uc790\uae30 \uc0c1\uc2b9\ud55c <b>\ud3ec\uc2a4\ucf54</b>\uc778\ud130\ub124\uc154\ub110? \uadf8 \ud5a5\ubc29\uc740? \uae30\uc220\ubd84\uc11d\uc73c\ub85c\ubcf4\uba74 \uc6b0\ub9ac\ub294 \uc778\ud130\ub124\uc154\ub110... \uadf8\ub7ec\ub2c8 <b>\ud3ec\uc2a4\ucf54</b> \uc778\ud130\ub124\uc154\ub110\uc744 \ub208\uc5ec\uaca8 \ubcf4\uace0 \uc788\uc5c8\ub358 \ud22c\uc790\uc790\uc911\uc5d0 2\ub9cc~23\ucc9c\uc6d0\uc758 \uc800\uac00\uc5d0\uc11c \uc7a1\uc9c0 \ubabb\ud55c \uc0ac\ub78c\uc774\ub77c\uba74... ", "bloggername": "-\uc815\uc11d\uc758 \uac01\uc885 \ubcf4\uace0\uc11c -", "bloggerlink": "blog.naver.com/sgtkim79", "postdate": "20230422"}, {"title": "<b>\ud3ec\uc2a4\ucf54</b>(POSCO)\ud640\ub529\uc2a4 \uc8fc\uac00\uc804\ub9dd \ubc0f \uc2e4\uc801\ubd84\uc11d (Ft. \ub9ac\ud2ac \uad00\ub828\uc8fc... ", "link": "https://blog.naver.com/seol8132/223082276361", "description": "<b>\ud3ec\uc2a4\ucf54</b>\ud640\ub529\uc2a4, <b>\ud3ec\uc2a4\ucf54</b> \uadf8\ub8f9\uc758 \uc9c0\uc8fc\ud68c\uc0ac\ub85c \ucd5c\uadfc \uc5d0\ucf54\ud504\ub85c\ub97c \ub6f0\uc5b4\ub118\uc5b4 \uac1c\uc778\uc21c\ub9e4\uc218 1\uc704\ub97c \uae30\ub85d\ud558\uace0 \uc788\ub294 \uac00\uc7a5 \uc8fc\ubaa9\ubc1b\ub294 \uae30\uc5c5\uc774\ub2e4 POSCO\ud640\ub529\uc2a4 (005490) \uc124\ub9bd\uc5f0\ub3c4 : 1988\ub144 \uc139\ud130 : \ucf54\uc2a4\ud53c \ucca0\uac15\ubc0f\uae08\uc18d\uc18d... ", "bloggername": "\uc11c\ub9ac\uc724\uc758 \ud22c\uc790\uc774\uc57c\uae30", "bloggerlink": "blog.naver.com/seol8132", "postdate": "20230424"}, {"title": "\ubbf8\uad6d \uc8fc\uc2dd \ucca0\uac15 \uad00\ub828\uc8fc <b>\ud3ec\uc2a4\ucf54</b> \ud640\ub529\uc2a4 ADR \uc8fc\uc2dd (PKX)", "link": "https://blog.naver.com/mrchosh03/223085107036", "description": "\uc624\ub298 \uc774 \uc2dc\uac04\uc5d0\ub294 \ubbf8\uad6d\uc5d0 \uc0c1\uc7a5\ub418\uc5b4 \uc788\ub294 \uad6d\ub0b4 \uae30\uc5c5\uc778 <b>\ud3ec\uc2a4\ucf54</b> \ud640\ub529\uc2a4 \uc8fc\uc2dd\uc744 \uc54c\uc544\ubcf4\ub294 \uc2dc\uac04\uc744 \uac00\uc838 \ubcf4\ub3c4\ub85d \ud558\uaca0\uc2b5\ub2c8\ub2e4. \uc719? <b>\ud3ec\uc2a4\ucf54</b>\ub294 \uc6b0\ub9ac\ub098\ub77c \uc8fc\uc2dd \uc544\ub2cc\uac00\uc694? \ud558\ub294 \uc8fc\ub9b0\uc774 \ubd84\ub4e4\uc744 \uc704\ud574 \uac04\ub2e8\ud55c \uc124\uba85\uc744... ", "bloggername": "\ubbf8\uad6d\uc8fc\uc2dd \uc27d\uac8c \uc54c\uc544\ubcf4\uc790", "bloggerlink": "blog.naver.com/mrchosh03", "postdate": "20230425"}, {"title": "PEG \uacc4\uc0b0 -<b>\ud3ec\uc2a4\ucf54</b> \ud4e8\ucc98\uc5e0", "link": "https://blog.naver.com/alcy18/223078716365", "description": "\uc624\ub298\uc740 <b>\ud3ec\uc2a4\ucf54</b> \ud4e8\ucc98\uc5e0\uc758 PEG\uc5d0 \ub300\ud574\uc11c \uc774\uc57c\uae30\ub97c \ud574\ubcf8\ub2e4. PEG = Price Earing to Growth rate \uc6d4\uac00\uc758... \uad6c\ubd84 A\uae30\uc5c5 B\uae30\uc5c5 \uc8fc\uac00 1000 1000 EPS 40 100 PER 25 10 EPSG 50% 10% PEG 0.5 1 <b>\ud3ec\uc2a4\ucf54</b> \ud4e8\ucc98\uc5e0\uc758 \uacbd\uc6b0 \ub124\uc774\ubc84 \ucee8\uc13c\uc73c\ub85c... ", "bloggername": "\uc8fc\uc2dd/\uacbd\uc81c \uc9c0\uc2dd \uc313\uae30", "bloggerlink": "blog.naver.com/alcy18", "postdate": "20230418"}, {"title": "<b>\ud3ec\uc2a4\ucf54</b>\uc778\ud130\ub0b4\uc154\ub110 \uc8fc\uac00\ucc28\ud2b8\uc640 &quot;\uc6d0\uc790\uc81c \uac00\uaca9\uc0c1\uc2b9\uc73c\ub85c \uc218\uc775\uc0c1\uc2b9&quot;", "link": "https://blog.naver.com/kk7729/223078440518", "description": "#<b>\ud3ec\uc2a4\ucf54</b>\uc778\ud130\ub0b4\uc154\ub110 2000\ub144 12\uc6d4 \ub300\uc6b0\uc758 \ubb34\uc5ed\ubd80\ubb38\uc758 \uc778\uc801\ubd84\ud560\ud558\uc600\uace0, 2010\ub144 8\uc6d4 <b>\ud3ec\uc2a4\ucf54</b>\uac00 \ud55c\uad6d\uc790\uc0b0\uad00\ub9ac\uacf5\uc0ac \ub4f1\uc73c\ub85c\ubd80\ud130 \uc9c0\ubd84 68.2%\ub97c \ucde8\ub4dd\ud558\uc5ec \ucd5c\ub300\uc8fc\uc8fc\uac00 \ub418\uc5c8\uc73c\uba70, \uc218\ucd9c\uc785\uc5c5, \uc911\uac1c\uc5c5, \uc790\uc6d0\uac1c\ubc1c , \ucca0\uac15... ", "bloggername": "4\ucc28\ud601\uba85\uc2dc\ub300 \ub3d9\ucc38.\ud568\uaed8 \uc131\uc7a5", "bloggerlink": "blog.naver.com/kk7729", "postdate": "20230418"}, {"title": "\ubb38\ud604 <b>\ud3ec\uc2a4\ucf54</b> \uc13c\ud2b8\ub7f4\ud3ec\ub808 \ubb38\ud604\ub3d9 \uc544\ud30c\ud2b8 \uacf5\uae09\uc548\ub0b4", "link": "https://blog.naver.com/mamos1010/223082304409", "description": "\ubb38\ud604 <b>\ud3ec\uc2a4\ucf54</b> \uc13c\ud2b8\ub7f4\ud3ec\ub808\ub294 \uc9c0\uc5ed \uc8fc\ud0dd\uc870\ud569\uc73c\ub85c \uc9c0\uc5b4\uc9c0\ub294 \uac74\ubb3c\uc785\ub2c8\ub2e4. \uad6d\ub0b4 \ucd5c\uace0\uc758 \uac74\uc124\uc0ac\uc778 <b>\ud3ec\uc2a4\ucf54</b> \uac74\uc124\uc774 \uc2dc\uacf5 \uc608\uc815\uc774\uba70, \uc774\uc5d0 \uac78\ub9de\uac8c \uc785\uc8fc \ud6c4\ub97c \uae30\ub300\ud574\ubcfc \uc218 \uc788\ub294 \uacf3\uc785\ub2c8\ub2e4. \uc911\uc2ec\uc9c0\uc5d0 \uc9c0\uc5b4\uc9c0\ub294 \ub9cc\ud07c \uc778\ud504\ub77c\uac00... ", "bloggername": "\uc704\ub840\ub9d8\uc758 \uc77c\uc0c1\uacfc \uc88b\uc740\uc9d1\uc774\uc57c\uae30", "bloggerlink": "blog.naver.com/mamos1010", "postdate": "20230422"}, {"title": "IRA \ubc95\uc548 \uc138\ubd80\ub0b4\uc6a9 \ubc1c\ud45c, \uc218\ud61c\uc8fc <b>\ud3ec\uc2a4\ucf54</b>\ud640\ub529\uc2a4", "link": "https://blog.naver.com/jhj87lee/223064871567", "description": "\uac15 \uac74\ub108 \ubd88\uad6c\uacbd\uc774\ub77c\ub3c4 \ud574\ubcf4\uc790 IRA \uc138\ubd80 \ubc95\uc548\uacfc IRA\uc218\ud61c\uc8fc <b>\ud3ec\uc2a4\ucf54</b>\ud640\ub529\uc2a4, <b>\ud3ec\uc2a4\ucf54</b>\ud4e8\ucc98\uc5e0 \uc5d0 \ub300\ud574 \uc54c\uc544\ubcf4\uc790 IRA\uac00 \ubb50\uc57c? IRA\ub294 Inflation Reduction Act\ub85c \uc778\ud50c\ub808\uc774\uc158 \uac10\ucd95\ubc95\uc774\ub77c\uace0 \ubd88\ub9ac\ub294\ub370 \ubc14\uc774\ub4e0 \ub300\ud1b5\ub839\uc774 \uc774\uc804\ubd80\ud130... ", "bloggername": "\ud558\ub8e8\ud558\ub8e8 \uc27d\uac8c \uacbd\uc81c\ub97c \uacf5\ubd80\ud569\ub2c8\ub2e4", "bloggerlink": "blog.naver.com/jhj87lee", "postdate": "20230405"}, {"title": "<b>\ud3ec\uc2a4\ucf54</b>ICT \uc8fc\uac00 \uc0c1\uc2b9 \ud328\ud134 \ubcf5\uae30 \ubc0f \uc0ac\ub840 \ubd84\uc11d", "link": "https://blog.naver.com/intpjune/223060697102", "description": "<b>\ud3ec\uc2a4\ucf54</b>ICT \uc8fc\uac00 \uc0c1\uc2b9 \ud328\ud134 \ubcf5\uae30 \uc0c1\uc2b9 &gt; \ub3c4\uc9c0 \uce94\ub4e4 &gt; \uae09\ub4f1 \ud328\ud134\uc5d0 \ub300\ud55c \uc0ac\ub840 \ubd84\uc11d \uc5b4\uc81c \uc0c8\ubcbd\uc5d0 \ubcf5\uae30\ub97c... \uc624\ub298\ub3c4 \ub3d9\uc77c\ud55c \uc0c1\uc2b9 \ud328\ud134\uc774 \ub098\uc624\uba74\uc11c \uc8fc\uac00 \uae09\ub4f1\ud55c \uc885\ubaa9\uc740 <b>\ud3ec\uc2a4\ucf54</b>ICT\uc785\ub2c8\ub2e4. \uac1c\uc778\uc801\uc73c\ub85c\ub294 \uc624\uc804\uc5d0 \ubc18\ub3c4\uccb4... ", "bloggername": "\uc7a5\uc911\uc77c\uae30", "bloggerlink": "blog.naver.com/intpjune", "postdate": "20230331"}, {"title": "\ud654\uc21c <b>\ud3ec\uc2a4\ucf54</b> \uc13c\ud130\uc2dc\ud2f0 \uc870\ud569 \ucd5c\uc2e0\uc815\ubcf4", "link": "https://blog.naver.com/jjoo0322/223057892847", "description": "\ud654\uc21c <b>\ud3ec\uc2a4\ucf54</b> \uc815\ubcf4 \uc785\ub2c8\ub2e4. \uc62c\ud574 \ub2a6\uc5b4\ub3c4 9\uc6d4\ucbe4 \uc0ac\uc5c5\uc2b9\uc778\uc744 \uc55e\ub450\uace0 \uc788\uae30\uc5d0 \uc548\uc815\uc801\uc778 \uc8fc\uac70 \uc0dd\ud65c\uc744... \ud654\uc21c <b>\ud3ec\uc2a4\ucf54</b>\ub294 \uae30\ubcf8\uc801\uc73c\ub85c \uc9c0\uc5ed\uc758 \ud2b9\uc131\uc740 \ubb3c\ub860 \uc785\uc9c0\uc5ec\uac74\uacfc \uc8fc\uac70\uc758 \ud658\uacbd\uc5d0 \uad00\ub828\ud574\uc11c \uac1d\uad00\uc801\uc73c\ub85c \uc870\uc0ac \ubd84\uc11d\ud558\uc5ec... ", "bloggername": "\uc724\ube14\ub9ac\u2665", "bloggerlink": "blog.naver.com/jjoo0322", "postdate": "20230328"}, {"title": "[\ubc30\ub2f9] <b>\ud3ec\uc2a4\ucf54</b> \ud640\ub529\uc2a4 \ubc30\ub2f9\uae08 \uc785\uae08 (2023\ub144 4\uc6d4)", "link": "https://blog.naver.com/wjdgks5306/223077507234", "description": "<b>\ud3ec\uc2a4\ucf54</b>! \uc5bc\ub9c8 \uc804 \uc0bc\uc131\uc804\uc790\uc640 \uc6b0\ub9ac\uae08\uc735\uc9c0\uc8fc\uc5d0 \uc774\uc5b4\uc11c 4\uc6d4\uc758 3\ubc88\uc9f8 (\uc815\ud655\ud788\ub294 5\ubc88\uc9f8) \ubc30\ub2f9\uae08\uc774\ub2e4. *\uc0ac\uc2e4 \ubc30\ub2f9\uae08\uc774 \ub108\ubb34 \uc791\uae30 \ub54c\ubb38\uc5d0\ub3c4 \uadf8\ub807\uace0 \uaf34\ub791 1\uc8fc\ubc16\uc5d0 \uc548\ub418\ub294 \uac70 \uad73\uc774 \ud3ec\uc2a4\ud305\ud560\uae4c \uc2f6\uc5c8\ub294\ub370 <b>\ud3ec\uc2a4\ucf54</b>\ub294 \ud55c\ubc88... ", "bloggername": "\uacbd\ud5d8, \uc131\ucc30 \uadf8\ub9ac\uace0 \uc131\uc7a5\uc77c\uae30", "bloggerlink": "blog.naver.com/wjdgks5306", "postdate": "20230417"}, {"title": "2\ucc28\uc804\uc9c0 \uc591\uadf9\uc7ac \uae30\uc5c5 \uc5d0\ucf54\ud504\ub85c\ube44\uc5e0, <b>\ud3ec\uc2a4\ucf54</b>\ucf00\ubbf8\uce7c, \uc5d8\uc564\uc5d0\ud504", "link": "https://blog.naver.com/superbkwon/223040397363", "description": "\uc5d0\ucf54\ud504\ub85c\ube44\uc5e0 #<b>\ud3ec\uc2a4\ucf54</b>\ucf00\ubbf8\uce7c #\uc5d8\uc564\uc5d0\ud504 2\ucc28\uc804\uc9c0 \uc644\uc131\ud488 \uc5c5\uccb4 \ubfd0 \uc544\ub2c8\ub77c 2\ucc28\uc804\uc9c0 \uc18c\uc7ac\uae30\uc5c5\uc758 \uc0c1\uc2b9\uc138\uac00 \ubb34\uc12d\ub2e4 \ud2b9\ud788 \uc5d0\ucf54\ud504\ub85c\ube44\uc5e0\uc758 \uc8fc\uac00\uac00 \uae09\uaca9\ud788 \uc0c1\uc2b9\ud558\uace0 \uc788\uace0 <b>\ud3ec\uc2a4\ucf54</b>\ucf00\ubbf8\uce7c, \uc5d8\uc564\uc5d0\ud504\uc758 \uc0c1\uc2b9\uc138\ub3c4 \ub9cc\ub9cc\uce58... ", "bloggername": "\uc608\uac15\ud30c\ud30c\uc758 \uc77c\uc0c1", "bloggerlink": "blog.naver.com/superbkwon", "postdate": "20230310"}, {"title": "\ucc9c\ubcf4 \uc5b4\ub2dd\uc1fc\ud06c\uc5d0 \uc5d0\ucf54\ud504\ub85c <b>\ud3ec\uc2a4\ucf54</b>\ud640\ub529\uc2a4 \ubc30\ud130\ub9ac 2\ucc28\uc804\uc9c0... ", "link": "https://blog.naver.com/jenny_on/223084610591", "description": "\uadf8\ub3d9\uc548 \ucf54\uc2a4\ub2e5\uc744 \ubc1b\uccd0\uc8fc\ub358 \uc804\uae30\ucc28 \uad00\ub828 3\uc0ac\uc640 \ubc30\ud130\ub9ac \uc591\uadf9\uc81c \uc18c\uc7ac\uc8fc\uc778 <b>\ud3ec\uc2a4\ucf54</b>\ud640\ub529\uc2a4 \uadf8\ub8f9\uc8fc\uc640... \ub610\ud55c, <b>\ud3ec\uc2a4\ucf54</b> \uadf8\ub8f9\uc8fc \uc911\uc5d0\uc11c\ub294 <b>\ud3ec\uc2a4\ucf54</b>\uc5e0\ud14d\uc758 \ud558\ub77d\ud3ed\uc774 \uac00\uc7a5 \ud06c\uace0, \uac1c\uc778\uacfc \uacf5\ub9e4\ub3c4\uc640\uc758 \uc804\uc7c1 \uc911\uc778... ", "bloggername": "\ud2b8\ub80c\ub4dc(Trend)\ub97c \ubcf4\uba74 IT \uacbd\uc81c \ube44\uc9c0\ub2c8\uc2a4\uac00 \ubcf4\uc778\ub2e4", "bloggerlink": "blog.naver.com/jenny_on", "postdate": "20230425"}, {"title": "4\uc6d420\uc77c \uc624\ub298\uc758 \uae30\uc0ac - <b>\ud3ec\uc2a4\ucf54</b>, \uad11\uc591\uc5d0 4.4\uc870 \ud22c\uc790      \ubc30\ud130\ub9ac... ", "link": "https://blog.naver.com/gennixingfu/223079987005", "description": "<b>\ud3ec\uc2a4\ucf54</b> \uadf8\ub8f9\uc740 \ubbf8\ub798\ub97c \uc704\ud55c \uccad\uc0ac\uc9c4\uc744 \uadf8\ub824 \uc654\uc744 \uac83\uc785\ub2c8\ub2e4 \uadf8\ub7f0\ub370 \uc815\ubd80\uc758 \uc5b4\ub290 \uba87 \ub144 \ub3c4\uc758 \ubc95\ub839\uc778\uc9c0... <b>\ud3ec\uc2a4\ucf54</b>\ub97c \uc2dc\uc791\uc73c\ub85c \ub2e4\ub978 \ud68c\uc0ac\ub4e4\ub3c4 \uacf5\uc7a5\uc744 \uc774 \uacf3\uc5d0 \uac74\ub9bd\ud558\uace0 \uc2f6\uc5b4\ub3c4 \uc5f0\uad00\uc0b0\uc5c5\uc774 \uc544\ub2c8\ub77c\ub294 \uc774\uc720\ub85c... ", "bloggername": "...", "bloggerlink": "blog.naver.com/gennixingfu", "postdate": "20230420"}, {"title": "<b>\ud3ec\uc2a4\ucf54</b>DX \uc8fc\uac00 \uc70c\ub9c1\uc2a4 ESS \uad00\ub828\uc8fc \ubd84\uc11d", "link": "https://blog.naver.com/gogodacong/223077189236", "description": "\uad00\ub828\uc8fc\ub85c <b>\ud3ec\uc2a4\ucf54</b>\uadf8\ub8f9 \uacc4\uc5f4\uc758 IT&amp;\uc5d4\uc9c0\ub2c8\uc5b4\ub9c1 \uc804\ubb38 \uc5c5\uccb4\uc778 <b>\ud3ec\uc2a4\ucf54</b>DX \uc8fc\uac00\ubd80\ud130 \ud655\uc778\ud574 \ubcf4\ub3c4\ub85d \ud560\uac8c\uc694 \uae08\uc77c \uc7a5 \uc2dc\uc791\uacfc \ub3d9\uc2dc\uc5d0 \uc0c1\uc2b9 \uae30\ub465\uc774 \uadf8\ub824\uc9c0\uba74\uc11c <b>\ud3ec\uc2a4\ucf54</b>DX \uc8fc\uac00\uc5d0 \uad00\uc2ec\uc774 \uc9d1\uc911\ub418\ub294 \ubaa8\uc2b5\uc778\ub370\uc694 \ud2b9\ud788 3\uac70\ub798\uc77c... ", "bloggername": "C O N G L O G", "bloggerlink": "blog.naver.com/gogodacong", "postdate": "20230417"}, {"title": "\uc815\ubd80 &apos;\ub300\u00b7\uc911\uc18c \uc0c1\uc0dd\ud615(<b>\ud3ec\uc2a4\ucf54</b>) \uc2a4\ub9c8\ud2b8 \uacf5\uc7a5 \uc0ac\uc5c5 \ub3c4\uc785\uae30\uc5c5 \ubaa8\uc9d1... ", "link": "https://blog.naver.com/edomino/223100385173", "description": "\uc815\ubd80 '\ub300\u00b7\uc911\uc18c \uc0c1\uc0dd\ud615(<b>\ud3ec\uc2a4\ucf54</b>) \uc2a4\ub9c8\ud2b8 \uacf5\uc7a5 \uc0ac\uc5c5 \ub3c4\uc785\uae30\uc5c5 \ubaa8\uc9d1' \uc548\ub0b4. \uc9c0\uc6d0 \uc790\uaca9, \uc2e0\uccad \ubc29\ubc95. \ud329\ud1a0\ub9ac \uc790\ub3d9\ud654. \uc911\uc18c\uae30\uc5c5\uc911\uc559\ud68c, \uc911\uc18c\ubca4\ucc98\uae30\uc5c5\ubd80, (\uc8fc)<b>\ud3ec\uc2a4\ucf54</b>\ub294 '\uc2a4\ub9c8\ud2b8 \uacf5\uc7a5 \uad6c\ucd95\uc9c0\uc6d0 \uc0ac\uc5c5'\uc744... ", "bloggername": "\ub3c4\ubbf8\ub178\ucf54\ub9ac\uc544", "bloggerlink": "blog.naver.com/edomino", "postdate": "20230512"}, {"title": "\uc758\uc678\uc758 \uc778\uc0c1\uc801\uc778 \uacf5\uac04\uacfc \ubd84\uc704\uae30, \ud14c\ub77c\ub85c\uc0ac <b>\ud3ec\uc2a4\ucf54</b>\uc13c\ud130\uc810", "link": "https://blog.naver.com/seeun_papa/223101125526", "description": "\uc624\ub298\uc740 <b>\ud3ec\uc2a4\ucf54</b> \uc0ac\uac70\ub9ac, <b>\ud3ec\uc2a4\ucf54</b>\uc13c\ud130\uc5d0 \uc704\uce58\ud55c \uc124\uba85\uc774 \ud544\uc694 \uc5c6\ub294 \ud14c\ub77c\ub85c\uc0ac <b>\ud3ec\uc2a4\ucf54</b>\uc13c\ud130\uc810. \uc0ac\ud68c \ucd08\ub144\uc0dd \uc2dc\uc808, \uba87 \ub144 \uadfc\ubb34\ud588\ub358 <b>\ud3ec\uc2a4\ucf54</b>\uc13c\ud130\ub294 \uc0bc\uc131\ub3d9, \uc120\ub989 \uc8fc\ubcc0\uc744 \uc9c0\ub098\uce60 \ub54c\ub9c8\ub2e4 \uc7a0\uae50\uc529 \ucd94\uc5b5\uc744 \ub5a0\uc62c\ub9ac\uac8c \ub418\ub294... ", "bloggername": "\uc138\uc740\ud30c\ud30c\uc758 \ub9db\uc788\ub294 \ud14c\ud06c\uc0dd\ud65c", "bloggerlink": "blog.naver.com/seeun_papa", "postdate": "20230513"}, {"title": "\ub3d9\ud0c4\uc5ed <b>\ud3ec\uc2a4\ucf54</b> \ub354\uc0f5 \uc13c\ud2b8\ub7f4\uc2dc\ud2f0", "link": "https://blog.naver.com/tigger_life/223071047023", "description": "\ub3d9\ud0c4\uc5ed \uc0bc\ub300\uc7a5 \uc544\ud30c\ud2b8 \uc6b0\ud3ec\ud55c(\uc6b0\ub0a8, <b>\ud3ec\uc2a4\ucf54</b>, \ud55c\ud654) \uc911 \uac00\uc6b4\ub370\uc5d0 \uc704\uce58\ud55c <b>\ud3ec\uc2a4\ucf54</b>\ub354\uc0f5\uc13c\ud2b8\ub7f4\uc2dc\ud2f0\ub97c \uc18c\uac1c\ud569\ub2c8\ub2e4. \ub3d9\ud0c4\ub300\ub85c \uac00\uc6b4\ub370\uc5d0 \uc704\uce58\ud574 \uc788\uc5b4\uc694. \ub3d9\ud0c4\ub300\ub85c\uac00 \uc544\ub2c8\ub77c \uc548\ucabd \uae38\uc5d0 \uc815\ubb38\uc774 \uc788\uc5b4\uc694. \uccad\uacc4\ucd08\uc640... ", "bloggername": "\ud2f0\uac70&apos;s life", "bloggerlink": "blog.naver.com/tigger_life", "postdate": "20230411"}, {"title": "\uc2e4\uc804\ud3b8 \uc81c4\ud0c4 \uc7a5\uae30\ud22c\uc790\uac00 \ub2f5\uc774\ub2e4. #\uc7a5\uae30\ud22c\uc790 #<b>\ud3ec\uc2a4\ucf54</b>\ud4e8\ucc98\uc5e0", "link": "https://blog.naver.com/digiloglife/223077299811", "description": "\uc624\ub298 #<b>\ud3ec\uc2a4\ucf54</b>\ud4e8\ucc98\uc5e0 \uc774 \uc0ac\uc0c1\ucd5c\uace0\uac00\ub97c \uacbd\uc2e0\ud558\uc600\uc2b5\ub2c8\ub2e4. \ub3cc\uc544\uac00\uba70 2\ucc28\uc804\uc9c0 \ud0a4\ub9de\ucd94\uae30\ub97c \ud558\uace0... https://m.blog.naver.com/digiloglife/223071503326 #\uc7a5\uae30\ud22c\uc790 #<b>\ud3ec\uc2a4\ucf54</b>\ud4e8\ucc98\uc5e0 #\uc774\uc775\uc2e4\ud604 #\ucc38\uc544\uc57c #\uc774\ucc28\uc804\uc9c0 <b>\ud3ec\uc2a4\ucf54</b>\uadf8\ub8f9... ", "bloggername": "\ub514\uc9c0\ub85c\uadf8\ub77c\uc774\ud504\ub85c \uc138\uc0c1\uacfc \uc18c\ud1b5", "bloggerlink": "blog.naver.com/digiloglife", "postdate": "20230417"}, {"title": "2\ucc28\uc804\uc9c0 \uad00\ub828\uc8fc \uc815\ub9ac : \uc0bc\uc131SDI, <b>\ud3ec\uc2a4\ucf54</b>\ucf00\ubbf8\uce7c \uc8fc\uac00 \uc804\ub9dd", "link": "https://blog.naver.com/hoosigidane/223001826601", "description": "\uc5bc\ub9c8\uc804\uc5d0 <b>\ud3ec\uc2a4\ucf54</b>\ucf00\ubbf8\uce7c\uc774 \uaf64\ub098 \uae09\uaca9\ud55c\uc2dc\uc138\ub97c \uc92c\uc2b5\ub2c8\ub2e4. \uadf8\ub807\uac8c \uc2dc\uc138\ub97c \uc8fc\uace0 \ub098\ub2c8 \uc0bc\uc131 SDI\uc640\uc758 \ub300\uaddc\ubaa8... \uadf8\ub798\uc11c \uc778\uc815 \ud560 \uac83\uc740 \uc778\uc815\ud558\uace0, \uc624\ub298\uc740 \uc0bc\uc131 SDI\uc640 <b>\ud3ec\uc2a4\ucf54</b>\ucf00\ubbf8\uce7c\uc5d0 \ub300\ud574\uc11c \uc54c\uc544\ubd05\ub2c8\ub2e4. \ubaa9\ucc28 1. \uc0bc\uc131SDI... ", "bloggername": "\ub290\ud504\ud2b8\ub9b0\uc774", "bloggerlink": "blog.naver.com/hoosigidane", "postdate": "20230201"}, {"title": "\ub86f\ub370&amp;<b>\ud3ec\uc2a4\ucf54</b> #\ubd80\ud3c9\uce90\uc2ac\uc564\ub354\uc0f5\ud37c\uc2a4\ud2b8\uc544\ud30c\ud2b8 59\ud0c0\uc785 \ubd84\uc591\uad8c", "link": "https://blog.naver.com/effyhappy/223101692155", "description": "\ub86f\ub370&amp;<b>\ud3ec\uc2a4\ucf54</b> 59\ud0c0\uc785 \ubd84\uc591\uad8c \uc911\ub3c4\uae086\ud68c\ucc28\uc2e4\ud589 \ub9e4\ubb3c\uc774\ub77c \uc88b\uc2b5\ub2c8\ub2e4 \ub300\ubd80\ubd84 \uc911\ub3c4\uae085\ud68c\ucc28\uc2e4\ud589\uc73c\ub85c 1\ud68c\ubd84... \uc606) #\ubd80\ud3c9\uce90\uc2ac\uc564\ub354\uc0f5\ud37c\uc2a4\ud2b8 #\ubd80\ud3c9\uce90\uc2ac #\ubd80\ud3c9<b>\ud3ec\uc2a4\ucf54</b> #\uc0b0\uace1\ub3d9\ub86f\ub370\uce90\uc2ac\ub354\uc0f5 #\uccad\ucc9c1\uad6c\uc5ed #\ud55c\ub9e5\ubd80\ub3d9\uc0b0... ", "bloggername": "\ud55c\ub9e5\ubd80\ub3d9\uc0b0(\uc778\ucc9c\uc7ac\uac1c\ubc1c\uc804\ubb38\uc0c1\ub2f4\uac00\ub2a5)", "bloggerlink": "blog.naver.com/effyhappy", "postdate": "20230514"}, {"title": "<b>\ud3ec\uc2a4\ucf54</b>\ud4e8\ucc98\uc5e0 \uc8fc\uac00 \ubc0f \uae30\uc5c5\uc815\ubcf4 \uc54c\uc544\ubcf4\uae30", "link": "https://blog.naver.com/poohhoo/223082754763", "description": "<b>\ud3ec\uc2a4\ucf54</b>\ud4e8\ucc98\uc5e0\uc774 \uc9c0\ub09c \uae08\uc694\uc77c \uc57d 7%\uac00\ub7c9 \ud558\ub77d\uc744 \ud588\ub2e4. \ucd5c\uadfc \uafb8\uc900\ud788 \uc0c1\uc2b9\uc138\uac00 \uc788\uc5c8\uc9c0\ub9cc \uc774\ucc28\uc804\uc9c0\uad00\ub828\uc774... \uc9c0\uae08 <b>\ud3ec\uc2a4\ucf54</b>\ud4e8\ucc98\uc5e0\uc758 \uc8fc\uac00\ub294 \ucd5c\uadfc\uc744 \uc0b4\ud3b4\ubcf4\uba74 \uc8fc\uac00\uac00 \uc8fc\uac00\uac00 5\uc77c\uc120 \ub108\uba38\uc5d0\uc11c \uc5b4\ub978\uac70\ub824\uc11c \uc27d\uac8c \ub2ec\ub824\ub4e4\uae30... ", "bloggername": "\ub098\ub97c \ube14\ub85c\uae45 \ud569\ub2c8\ub2e4", "bloggerlink": "blog.naver.com/poohhoo", "postdate": "20230423"}, {"title": "<b>\ud3ec\uc2a4\ucf54</b>\ud640\ub529\uc2a4 \uacc4\uc5f4\uc0ac \uc8fc\uac00 - DX \ud4e8\ucc98\uc5e0 \uc778\ud130\ub0b4\uc154\ub110 \ub4f1 2\ucc28\uc804\uc9c0... ", "link": "https://blog.naver.com/kimmw90/223079295004", "description": "\ubbf8\ub798\uc900\ube44 \ub2e8\ub2e8\ud788 \ud55c <b>\ud3ec\uc2a4\ucf54</b> 2. POSCO \uacc4\uc5f4\uc0ac \uc8fc\uac00 - DX, \ud4e8\ucc98\uc5e0, \uc778\ud130\ub0b4\uc154\ub110 3. 2\ucc28\uc804\uc9c0 \ub300\uc7a5\uc8fc \ubc38\ub958\uccb4\uc778... \uc9c0\uc8fc\uc0ac <b>\ud3ec\uc2a4\ucf54</b>\ud640\ub529\uc2a4\ubfd0\ub9cc \uc544\ub2c8\ub77c POSCO \uadf8\ub8f9\uc8fc\uac00 \uc77c\uc81c\ud788 \uac15\uc138\ub2e4. 2\ucc28\uc804\uc9c0 \ub300\uc7a5\uc8fc\ub85c\uc11c \ubca8\ub958\uccb4\uc778\uc744... ", "bloggername": "\ud53c\uc5b4\ub098\ub77c \ub69c\ub450\ub69c\ub450\u2764", "bloggerlink": "blog.naver.com/kimmw90", "postdate": "20230419"}, {"title": "<b>\ud3ec\uc2a4\ucf54</b>\uc5e0\ud14d, \ud604\ub300\uc77c\ub809\ud2b8\ub9ad, \ub354\ube14\uc720\uc528\ud53c, \uc774\uc5d4\ud50c\ub7ec\uc2a4 \ub9e4\ub3c4", "link": "https://blog.naver.com/ninjagirl/223075433701", "description": "<b>\ud3ec\uc2a4\ucf54</b> \uadf8\ub8f9\uc8fc\uac00 \ud65c\uc57d\ud55c \ub0a0. JYP\ud314\uace0 \uc88b\ub2e4\uace0 \ud3ec\uc2a4\ud305\ud588\ub354\ub2c8 \ub2e4\uc74c\ub0a0 \ud6e8\ud6e8 \uac14\ub124\uc694~ \ub0b4\uc2e4\ub2e4\uc9c0\uae30\ub85c \uafb8\uc900\ud788... \u314b\u314b \uc0ac\uc9c4=OSEN, JYP \uc5d4\ud130\ud14c\uc778\uba3c\ud2b8 \uae08\uc694\uc77c\uc7a5\uc740 \uac70\ub798\ub300\uae08 \uc0c1\uc704\ub97c <b>\ud3ec\uc2a4\ucf54</b> \uadf8\ub8f9\uc8fc\uac00 \uc810\ub839\ud588\uc5b4\uc694. \uc544\uc8fc... ", "bloggername": "\uba40\ud2f0\uc8fc\ubd80 \ud638\ube75\ub9d8", "bloggerlink": "blog.naver.com/ninjagirl", "postdate": "20230415"}, {"title": "\uce58\uace0 \uc62c\ub77c\uc624\ub294 <b>\ud3ec\uc2a4\ucf54</b>\u00b7\ud55c\ud654\u2026\uc694\ub3d9\uce58\ub294 \uc7ac\uacc4 \uc11c\uc5f4", "link": "https://blog.naver.com/sogood2me/223100823944", "description": "37\uc870 \ucc3d\uc0ac\uc774\ub798 \ucd5c\ub300 \uae30\ub85d, <b>\ud3ec\uc2a4\ucf54</b>\uc778\ud130\ub0b4\uc154\ub110\uc740 \ucd5c\uadfc \uc9c1\uc6d0\ub4e4\uc5d0\uac8c \uc6d4 \uae30\ubcf8\uae09 \ub300\ube44 \ucd5c\ub300 700% \uaddc\ubaa8\uc758... \uce58\uace0 \uc62c\ub77c\uc624\ub294 <b>\ud3ec\uc2a4\ucf54</b>\u00b7\ud55c\ud654\u2026\uc694\ub3d9\uce58\ub294 \uc7ac\uacc4 \uc11c\uc5f4 \uc785\ub8252023.05.12 06:08 \uc218\uc8152023.05.12 12:09 5\uc704 \uaff0\ucc2c \ucd1d\uc218 \uc5c6\ub294... ", "bloggername": "\uaf2c\ub9c8\ubcc4\ub2d8\uc758 \ube14\ub85c\uadf8", "bloggerlink": "blog.naver.com/sogood2me", "postdate": "20230513"}, {"title": "\ucd94\uc138\uc758 \uc2dc\uc791\uc740 \uc7a5\ub300\uc591\ubd09\uacfc \uac70\ub798\ub7c9\ubd80\ud130 feat by <b>\ud3ec\uc2a4\ucf54</b>\ucf00\ubbf8\uce7c", "link": "https://blog.naver.com/junsa26/222999201089", "description": "\uc774\ub0a0 <b>\ud3ec\uc2a4\ucf54</b>\ucf00\ubbf8\uce7c\ub9cc \uc774\ub7ac\ub2e4\uba74 \ubb58\uae4c \uc0dd\uac01\ud558\uace0 \ub2e8\uc21c\ud788 \ub118\uae38\uc218\ub3c4 \uc788\uc73c\ub098 2\ucc28\uc804\uc9c0 \uc139\ud130 \uc804\uccb4\uc5d0... \uc624\ub298 <b>\ud3ec\uc2a4\ucf54</b>\ucf00\ubbf8\uce7c \uc5b4\ub9c8\ud55c \uacf5\uc2dc\uac00 \ub098\uc634 10\ub144 \uae30\uac04\ub3d9\uc548 NCA\uc591\uadf9\uc7ac 40\uc870 \uacf5\uae09 \u314e\u3137\u3137 <b>\ud3ec\uc2a4\ucf54</b>\ucf00\ubbf8\uce7c\uc774 \uae30\uc220\ub825\uc774... ", "bloggername": "\uac00\uce58\ud22c\uc790 \uc774\uc57c\uae30", "bloggerlink": "blog.naver.com/junsa26", "postdate": "20230130"}, {"title": "<b>\ud3ec\uc2a4\ucf54</b>\uc2a4\ud2f8\ub9ac\uc628  \uc8fc\uac00\ucc28\ud2b8\uc640  \uc0c1\ud55c\uac00  \uc54c\uc544\ubcf4\uae30", "link": "https://blog.naver.com/kk7729/223077302307", "description": "#<b>\ud3ec\uc2a4\ucf54</b>\uc2a4\ud2f8\ub9ac\uc628 23.4.17 \uc0c1\ud55c\uac00 \ucc3d -nh\ud22c\uc790\uc99d\uad8c \uc0c1\ud55c\uac00 \uc9c4\uc785 \uc2dc\uac04\uc740 9\uc2dc 31\ubd84\uc73c\ub85c \uc77c\ucc0c\uac10\uce58 \ub4e4\uc5b4\uac14\uc2b5\ub2c8\ub2e4. \uac70\ub798\ub7c9\uc740 1,182,833 \uc8fc\uace0, \uc0c1\ud55c\uac00 \ub9e4\uc218\uc794\ub7c9\uc740 339,835\uc8fc\uc785\ub2c8\ub2e4. <b>\ud3ec\uc2a4\ucf54</b>\uc2a4\ud2f8\ub9ac\uc628 \ud604\uc7ac\uac00 \ucc3d... ", "bloggername": "4\ucc28\ud601\uba85\uc2dc\ub300 \ub3d9\ucc38.\ud568\uaed8 \uc131\uc7a5", "bloggerlink": "blog.naver.com/kk7729", "postdate": "20230417"}, {"title": "<b>\ud3ec\uc2a4\ucf54</b> \uba74\uc811\ud559\uc6d0 : \ucc3d\uc870\uc6d0(\uc778\uc7ac\uc6d0) \ucd9c\uc2e0 \ucf54\uce58\uc758 \uac15\uc758", "link": "https://blog.naver.com/urmyver/223070299738", "description": "<b>\ud3ec\uc2a4\ucf54</b> \uba74\uc811\ud559\uc6d0 \ucc3d\uc870\uc6d0(\uc778\uc7ac\uc6d0) \ucd9c\uc2e0 \ucf54\uce58\uc758 \uac15\uc758 \ub354\ubd88\uc5b4 \ud568\uaed8 \ubc1c\uc804\ud558\ub294 \uae30\uc5c5 \uc2dc\ubbfc\uc774\ub77c\ub294 \uacbd\uc601\uc774\ub150\uc744 \ubcf4\uc720\ud55c <b>\ud3ec\uc2a4\ucf54</b>\u00b7\u00b7\u00b7 04\uc6d4\uc774 \ub418\uba74\uc11c <b>\ud3ec\uc2a4\ucf54</b>, <b>\ud3ec\uc2a4\ucf54</b> \uacc4\uc5f4\uc0ac \ucde8\uc5c5\uc744 \ubaa9\ud45c\ud558\ub294 \ubd84\ub4e4\uc758 \uba74\uc811 \uc900\ube44\ub85c \uc778\ud558\uc5ec... ", "bloggername": "\uc8fc\ub4e4\uc758 \uadf8\ub9ac \ub300\ub2e8\ud558\uc9c4 \uc54a\uc9c0\ub9cc \uad49\uc7a5\ud55c \uc774\uc57c\uae30", "bloggerlink": "blog.naver.com/urmyver", "postdate": "20230410"}, {"title": "\uae40\ud574 \uc2e0\ubb381\uc9c0\uad6c \ub354\uc0f5 \uc7a5\uc720 <b>\ud3ec\uc2a4\ucf54</b> \uac00\uce58 \ubd84\uc11d", "link": "https://blog.naver.com/ansunghouse/223066045603", "description": "me/FlxvqD9p \uacbd\uc0c1\ub0a8\ub3c4 \uae40\ud574\uc2dc \uc2e0\ubb38\ub3d9 374 ( \uc2e0\ubb38 1\uc9c0\uad6c A7-1BL ) \ubc88\uc9c0 \uc77c\uc6d0\uc5d0 <b>\ud3ec\uc2a4\ucf54</b> \uac74\uc124\uc740, \uae40\ud574 \uc2e0\ubb381\uc9c0\uad6c... \uae40\ud574 \uc2e0\ubb381\uc9c0\uad6c \ub354\uc0f5 \ub2e8\uc9c0\ub294, <b>\ud3ec\uc2a4\ucf54</b> \ub354\uc0f5 \ud648\ud398\uc774\uc9c0 \ub0b4 5\uc6d4 \ubd84\uc591 \uc608\uc815\uc73c\ub85c \ud45c\uae30\ub418\uc5b4\uc788\uc2b5\ub2c8\ub2e4.... ", "bloggername": "\ubd80\ub3d9\uc0b0 \ud30c\ub178\ub77c\ub9c8", "bloggerlink": "blog.naver.com/ansunghouse", "postdate": "20230405"}, {"title": "[\uacbd\uc0c1\ubd81\ub3c4 \ud3ec\ud56d\uc2dc] <b>\ud3ec\uc2a4\ucf54</b>\uc5ed\uc0ac\ubc15\ubb3c\uad00-\ud574\uad70\ud56d\uacf5\uc5ed\uc0ac\uad00... ", "link": "https://blog.naver.com/rearea5432/223087065999", "description": "\ub8e8\ud2b8\ub294 <b>\ud3ec\uc2a4\ucf54</b>\uc5ed\uc0ac\ubc15\ubb3c\uad00 \u2192 \ud574\uad70\ud56d\uacf5\uc5ed\uc0ac\uad00 \u2192 \uad6c\ub8e1\ud3ec\uacfc\uba54\uae30\ubb38\ud654\uad00\u2192 \uc77c\ubcf8\uac00\uc625\uac70\ub9ac (\uc6b0\ub9b0... \uba3c\uc800 \uac00\uc57c\ud560 \uacf3\uc740 '<b>\ud3ec\uc2a4\ucf54</b>\uc5ed\uc0ac\ubc15\ubb3c\uad00' \uc5ed\uc0ac\uad00 \uc606\ucabd\uc73c\ub85c \uc8fc\ucc28\uc7a5\uc774 \ub9c8\ub828\ub3fc\uc788\ub2e4^^ \u2191 <b>\ud3ec\uc2a4\ucf54</b>\uc5ed\uc0ac\ubc15\ubb3c\uad00\uc5d0 \uac00\ub824\uba74 \uaf2d!!... ", "bloggername": "\uc0c8\ucf64\ub2ec\ucf64\ud55c SeSang", "bloggerlink": "blog.naver.com/rearea5432", "postdate": "20230427"}, {"title": "[\ubc30\ub2f9\ubd80\uc790 \ud504\ub85c\uc81d\ud2b8 \uc678\uc804#4] <b>\ud3ec\uc2a4\ucf54</b> DX \ub9e4\ub3c4 +243.28%", "link": "https://blog.naver.com/yoon0862/223081687033", "description": "\uc694\uc0c8 \uccab \ubc88\uc9f8 \uacc4\uc88c\ub294 \uc815\ub9d0 \uac00\ub054 \ud655\uc778\ud558\ub294\ub370 <b>\ud3ec\uc2a4\ucf54</b> DX\ub77c\ub294 \uc5b4\uc0c9\ud55c \uc885\ubaa9\uc774 200%\uac00 \ud6cc\uca4d \ub118\uc5b4\uc788\uc5c8\ub2e4. \ubcf8\uaca9\uc801\uc73c\ub85c \uc8fc\uc2dd\uc744 \ub9e4\ub2ec \ub9e4\uc218\ud558\uae30\ub3c4 \uc804\uc5d0 \ub9e4\uc218\ud588\ub358 \uc885\ubaa9\uc73c\ub85c \uae30\uc5b5\ud55c\ub2e4. \uc65c \ub9e4\uc218\ud588\ub294\uc9c0 \uae30\uc5b5\uc740 \uc548 \ub098\uc9c0\ub9cc... ", "bloggername": "\ucc45 \uadf8\ub9ac\uace0 \uc77c\uc0c1", "bloggerlink": "blog.naver.com/yoon0862", "postdate": "20230421"}, {"title": "2\ucc28\uc804\uc9c0 \uad00\ub828\uc8fc \uc911 \ub9ac\ud2ac\ud14c\ub9c8\uc8fc <b>\ud3ec\uc2a4\ucf54</b>\uc5e0\ud14d \ub300\uc7a5\uc8fc?", "link": "https://blog.naver.com/jenny_on/223059848276", "description": "2\ucc28\uc804\uc9c0 \uad00\ub828\uc8fc \uc911 \ub9ac\ud2ac\ud14c\ub9c8\uc8fc \ub300\uc7a5\uc8fc\ub294 <b>\ud3ec\uc2a4\ucf54</b>\uc5e0\ud14d? \uc8fc\uc2dd\uc5d0\uc11c\ub294 \ubbf8\uc778\uc8fc\ub77c\ub294\uac8c \uc788\uc2b5\ub2c8\ub2e4.\uaf2d \uc2e4\uc801\uacfc... \uad00\uc2ec\uc885\ubaa9\uc5d0\uc11c\ub294 '<b>\ud3ec\uc2a4\ucf54</b>\uc5e0\ud14d'\uc774 \ub300\uc7a5\uc8fc\ub85c \ubcf4\uc774\ub294\ub370 \ubc14\ud1a4\uc744 \uc774\uc5b4\ubc1b\uc744 \ub300\uc7a5\uc8fc\ub294 \uc5b4\ub5a4 \uc885\ubaa9\uc774 \ub420\uc9c0\ub3c4... ", "bloggername": "\ud2b8\ub80c\ub4dc(Trend)\ub97c \ubcf4\uba74 IT \uacbd\uc81c \ube44\uc9c0\ub2c8\uc2a4\uac00 \ubcf4\uc778\ub2e4", "bloggerlink": "blog.naver.com/jenny_on", "postdate": "20230330"}, {"title": "<b>\ud3ec\uc2a4\ucf54</b> \uba74\uc811, \ucde8\uc5c5\ud560 \uc218 \uc788\ub294 \uba74\uc811 \uc900\ube44!", "link": "https://blog.naver.com/onlyyour486/223048084151", "description": "\uadf8 \uc911 <b>\ud3ec\uc2a4\ucf54</b>\uba74\uc811 \uc900\ube44\ud558\uc2dc\ub294 \ubd84\ub4e4 \ub9ce\uc73c\uc2e4 \ud150\ub370\uc694. \ub2f9\uc7a5 \uc774\ubc88 \ub2ec 22\uc77c\uae4c\uc9c0 \uc9c0\uc6d0\uc744 \ubc1b\uace0 \uc788\ub294 \ub370\ub2e4\uac00... <b>\ud3ec\uc2a4\ucf54</b>\uba74\uc811 \ub300\ube44\ub97c \uc704\ud574 \ud63c\uc790 \ud560 \uc218 \uc788\ub294 \uc2a4\ud130\ub514\ubd80\ud130 \ud559\uc6d0\uc774\ub098 \uac1c\uc778 \uac15\uc758\uae4c\uc9c0 \ucc3e\uc544\ubcf4\uc2dc\uac8c \ub420\ud150\ub370\uc694.... ", "bloggername": "\ube44\ud0c0\ubbfc", "bloggerlink": "blog.naver.com/onlyyour486", "postdate": "20230318"}, {"title": "[portflio183\ucd98\ucc9c <b>\ud3ec\uc2a4\ucf54</b>\uc544\ud30c\ud2b8 23\ud3c9 \ub9ac\ubaa8\ub378\ub9c1&amp;\uc778\ud14c\ub9ac\uc5b4 \ub2e4... ", "link": "https://blog.naver.com/kst0803/223084602818", "description": "\ucc38 \uc88b\uc740 \uc544\uce68\uc785\ub2c8\ub2e4 \ub465\uc774 \uc544\ube60 \ub2e4\uc628\uc785\ub2c8\ub2e4 \uc624\ub298 \ubcf4\uc5ec\uc904 \uc0ac\uc9c4\uc740 \ucd98\ucc9c <b>\ud3ec\uc2a4\ucf54</b>\uc544\ud30c\ud2b8 23\ud3c9 c \ud0c0\uc785\uc785\ub2c8\ub2e4... \ub9cc\ub4e4\uc5b4\ubd24\uc5b4\uc694 <b>\ud3ec\uc2a4\ucf54</b> \uc0ac\uc2dc\ub294 \ubd84\ub4e4\uc740 \uc798 \uc544\uc2e4 \uac70\uc608\uc694 \ubbf8\uc11d\uc774 \ubb38 \ub808\uc77c\ucd95\uc774 \uc790\uc8fc \ub9dd\uac00\uc9c0\ub294 \uac83\uc744 \uadf8 \uc810\uc744... ", "bloggername": "\ucd98\ucc9c\ub2e4\uc628\uc778\ud14c\ub9ac\uc5b4", "bloggerlink": "blog.naver.com/kst0803", "postdate": "20230425"}, {"title": "\ud14c\ub77c\ub85c\uc0ac <b>\ud3ec\uc2a4\ucf54</b>\uc13c\ud130\uc810 \ub4dc\ub9bd\ucee4\ud53c", "link": "https://blog.naver.com/greatkelly/223056492741", "description": "\uc57d\uc18d\uc774 \uc788\uc5b4 \ub2e4\ub140\uc654\ub358 \ud14c\ub77c\ub85c\uc0ac <b>\ud3ec\uc2a4\ucf54</b>\uc13c\ud130\uc810 \ud14c\ub77c\ub85c\uc0ac\ub85c \ub4e4\uc5b4\uac00\ub294 \ucd9c\uc785\uad6c\ub294 \ub450\uad70\ub370 \uc788\ub294\ub370 <b>\ud3ec\uc2a4\ucf54</b> \uac74\ubb3c\ub85c \ud1b5\ud574\uc788\ub294 \uc785\uad6c\ub85c \ub4e4\uc5b4\uac14\ub2e4. \ud14c\ub77c\ub85c\uc0ac \ub2e4\ub978 \uc9c0\uc810\uacfc \uac19\uc740 \ub4ef \ub2e4\ub978 \ubd84\uc704\uae30. \uaddc\ubaa8\uac00 \ubb34\ucc99 \ud06c\uace0... ", "bloggername": "Bon Voyage", "bloggerlink": "blog.naver.com/greatkelly", "postdate": "20230327"}, {"title": "\ucd5c\uc815\uc6b0 <b>\ud3ec\uc2a4\ucf54</b> \ud68c\uc7a5 \ud1f4\uc9c4 \uc694\uad6c &apos;\ubd07\ubb3c&apos;...\ub9ac\ub354\uc2ed \ud754\ub4e4\ub9ac\ub098... ", "link": "https://blog.naver.com/excellceo/223072203848", "description": "\ud669\uacbd\ub85c\u00b7\uc548\uacbd\ud654 \ub4f1 \uc6d0\ub85c\ub4e4, \uc790\uc9c4\uc0ac\ud1f4 \uc694\uad6c \uc2e4\uc801 \uc545\ud654 \uc18d \uacbd\uc601\uc9c4 \uc8fc\uc2dd \ubcf4\uc0c1 '\uc787\uc18d \ucc59\uae30\uae30' \ube44\ud310 \ucd5c\uc815\uc6b0 <b>\ud3ec\uc2a4\ucf54</b>\uadf8\ub8f9 \ud68c\uc7a5\uc774 \uc784\uae30\ub97c 1\ub144 \ub0a8\uc9d3 \ub0a8\uaca8\ub450\uace0 \ud68c\uc0ac \ucc3d\ub9bd \uc6d0\ub85c\ub4e4\ub85c\ubd80\ud130 \ud1f4\uc9c4 \uc555\ubc15\uc744 \ubc1b\uace0 \uc788\ub2e4.&lt;<b>\ud3ec\uc2a4\ucf54</b>... ", "bloggername": "\uc778\uc0ac\uc774\ud2b8\ucf54\ub9ac\uc544(InsightKorea)", "bloggerlink": "blog.naver.com/excellceo", "postdate": "20230412"}, {"title": "\u321c<b>\ud3ec\uc2a4\ucf54</b>, \ud604\ub300\uc81c\ucca0\u321c \ub4f1 18\uac1c \uc5c5\uccb4\uce5c\ud658\uacbd \uc5f0\uc548\ud574\uc6b4 \uc6b4\uc1a1 \uc804\ud658", "link": "https://blog.naver.com/koreamof/223099469163", "description": "\ud574\uc591\uc218\uc0b0\ubd80\ub294 \u20182023\ub144 \uc804\ud658\uad50\ud1b5 \ubcf4\uc870\uae08 \uc9c0\uc6d0\uc0ac\uc5c5\u2019\uc758 \ud611\uc57d\uc0ac\uc5c5\uc790\ub85c \u321c<b>\ud3ec\uc2a4\ucf54</b>, \ud604\ub300\uc81c\ucca0\u321c, \uc77c\uc2e0\ud574\uc6b4\u321c \ub4f1 18\uac1c \uc5c5\uccb4\ub97c \uc120\uc815*\ud558\uace0, 5\uc6d4 12\uc77c(\uae08) \ud611\uc57d\uc744 \uccb4\uacb0\ud569\ub2c8\ub2e4. * \uc5c5\uc885\ubcc4\ub85c\ub294 \ud654\uc8fc\uc0ac 5\uac1c\uc0ac, \uc885\ud569\ubb3c\ub958\ud68c\uc0ac... ", "bloggername": "\ud574\uc591\uc218\uc0b0\ubd80 \uacf5\uc2dd \ube14\ub85c\uadf8", "bloggerlink": "blog.naver.com/koreamof", "postdate": "20230511"}, {"title": "POSCO\ud640\ub529\uc2a4 <b>\ud3ec\uc2a4\ucf54</b>ICT <b>\ud3ec\uc2a4\ucf54</b>\uc778\ud130\ub0b4\uc154\ub110 \uc8fc\uc2dd\uc2dc\uc7a5 \uc885\ubaa9... ", "link": "https://blog.naver.com/kimmw90/223060411750", "description": "\uc624\ub298\uc740 <b>\ud3ec\uc2a4\ucf54</b>\ud640\ub529\uc2a4\uc640 \uc790\ud68c\uc0ac\uc778 2\uac1c\uc758 \uae30\uc5c5 <b>\ud3ec\uc2a4\ucf54</b>ICT, <b>\ud3ec\uc2a4\ucf54</b>\uc778\ud130\ub0b4\uc154\ub110\uc758 \uc8fc\uc2dd\uc2dc\uc7a5 \uc885\ubaa9\uc744 \ubd84\uc11d\ud558\uace0 \uc8fc\uac00\ub97c \uc804\ub9dd\ud574\ubcf4\uace0\uc790 \ud55c\ub2e4. \u2460 \uc9c0\uc8fc\ud68c\uc0ac POSCO\ud640\ub529\uc2a4 \uc55e\uc73c\ub85c \uc798 \ud560\uae4c? \u2461 <b>\ud3ec\uc2a4\ucf54</b>ICT! <b>\ud3ec\uc2a4\ucf54</b>DX \uc0ac\uba85... ", "bloggername": "\ud53c\uc5b4\ub098\ub77c \ub69c\ub450\ub69c\ub450\u2764", "bloggerlink": "blog.naver.com/kimmw90", "postdate": "20230331"}, {"title": "\uc885\ubaa9\uacf5\ubd80 : <b>\ud3ec\uc2a4\ucf54</b>\uc5e0\ud14d", "link": "https://blog.naver.com/jlpyslkah/223049173138", "description": "<b>\ud3ec\uc2a4\ucf54</b>\uc5e0\ud14d \ucc28\ud2b8\ubd84\uc11d\ud574\ubd05\ub2c8\ub2e4. \ucc28\ud2b8\ub97c \ud55c\ubc88 \ubcf4\uaca0\uc2b5\ub2c8\ub2e4.  \u25c6 \uc8fc\ubd09 21\ub144 \ucd08\ubc18\uc5d0 \ucd5c\uace0\uc810\uc744 \ud130\uce58\ud55c\ub4a4... #\uc885\ubaa9\uacf5\ubd80 #\ucc28\ud2b8\ubd84\uc11d #\uc2a4\uc719 #\ucc28\ud2b8\uacf5\ubd80 #\uc885\ubaa9\ucd94\ucc9c #\uc7a5\uae30\ud22c\uc790 #\uc911\uc7a5\uae30\ud22c\uc790 #\uc911\uc7a5\uae30\uc885\ubaa9 #\uc885\ubaa9\ucd94\ucc9c #<b>\ud3ec\uc2a4\ucf54</b>\uc5e0... ", "bloggername": "\uc8fc\uc2dd\ud558\ub294 \uc218\ud559\uc324\uc758 \uc791\uc5c5\uc2e4*\u2022\u0300\u1d17\u2022\u0301*", "bloggerlink": "blog.naver.com/jlpyslkah", "postdate": "20230319"}, {"title": "<b>\ud3ec\uc2a4\ucf54</b> \uadf8\ub8f9\uc8fc \uae0d\uc815\uc801\uc778 \ud750\ub984 \uc608\uc0c1, \uc0ac\uc6b0\ub514 \uc7a5\uad00 \ubc29\ubb38 \uc18c\uc2dd... ", "link": "https://blog.naver.com/design9988/223092045744", "description": "\uc99d\uad8c\uac00, \ubaa9\ud45c\uac00 '\u2191' \u2606\u2606 <b>\ud3ec\uc2a4\ucf54</b> '\ubc30\ud130\ub9ac \uc18c\uc7ac\u793e' \uad11\uc591\uc5d0 \ucd1d\uc9d1\uacb0\ud55c\ub2e4 <b>\ud3ec\uc2a4\ucf54</b>, \uad11\uc591\uc5d0 \ub9ac\ud2ac\u00b7\uc591\uadf9\uc7ac \uacf5\uc7a5 \uc9d3\ub294\ub2e4 1.2\uc870 \ud22c\uc790\u20262025\ub144 \uc644\uacf5 \u2606 \ub300\uc6c5\uc81c\uc57d, 1000\uc5b5 \ud22c\uc790\ud574 \ubcf4\ud234\ub9ac\ub214 \ud1a1\uc2e0 3\uacf5\uc7a5 \uac74\uc124 \uc0bc\uc131\uc804\uc790, \ucc57GPT... ", "bloggername": "\uc81c\uc6b0\uc2a4 Life", "bloggerlink": "blog.naver.com/design9988", "postdate": "20230503"}, {"title": "<b>\ud3ec\uc2a4\ucf54</b>\ucf00\ubbf8\uce7c \uc8fc\uac00 \uc804\ub9dd, 2\ucc28\uc804\uc9c0 \uad00\ub828\uc8fc \uc54c\uc544\ubd04", "link": "https://blog.naver.com/horizon37/223056388796", "description": "\uc548\ub155\ud558\uc138\uc694 \uc624\ub298\uc740 <b>\ud3ec\uc2a4\ucf54</b>\ucf00\ubbf8\uce7c\uc5d0 \ub300\ud574 \uc54c\uc544\ubcf4\uaca0\uc2b5\ub2c8\ub2e4. \uc694\uc998 \uc774\ucc28\uc804\uc9c0 \uc139\ud130\uac00 \uc815\ub9d0 \ud56b\ud569\ub2c8\ub2e4.. \uc5d0\ucf54\ud504\ub85c\ube44\uc5e0\uc744 \uc2dc\uc791\uc73c\ub85c...<b>\ud3ec\uc2a4\ucf54</b>\ucf00\ubbf8\uce7c \ub4f1.. \uc774\ucc28\uc804\uc9c0 \uc0ac\uc5c5\ub9cc \ud55c\ub2e4\ud558\uba74 \uc8fc\uac00\ub294 \uc5f0\uc77c \uc2e0\uace0\uac00\ub97c \uae30\ub85d\ud569\ub2c8\ub2e4.... ", "bloggername": "PLAY 2 EARN", "bloggerlink": "blog.naver.com/horizon37", "postdate": "20230327"}, {"title": "\uc81c\uc8fc \uc5f0\ub3d9 \ub354\uc0f5 \uc560\ube44\ub274 <b>\ud3ec\uc2a4\ucf54</b> \uc785\uc9c0 \uc815\ubcf4", "link": "https://blog.naver.com/ansunghouse/223090631387", "description": "\u25bc \uad00\uc2ec\uace0\uac1d \ub4f1\ub85d \u25bc https://naver.me/5G5NL9lS \uc81c\uc8fc\uc2dc \uc5f0\ub3d9 261-37\ubc88\uc9c0 \uc678 5\ud544\uc9c0\uc5d0 <b>\ud3ec\uc2a4\ucf54</b>\uac74\uc124\uc5d0\uc11c \uc81c\uc8fc \uc5f0\ub3d9... \uc81c\uc8fc \uc5f0\ub3d9 \ub354\uc0f5 \uc560\ube44\ub274 \ub2e8\uc9c0\ub294, <b>\ud3ec\uc2a4\ucf54</b>\uac74\uc124 \ud648\ud398\uc774\uc9c0 \ub0b4 6\uc6d4 \ubd84\uc591\uc73c\ub85c \uc608\uc815\ub418\uc5b4\uc788\uc2b5\ub2c8\ub2e4. \ub2e8\uc9c0\ub294... ", "bloggername": "\ubd80\ub3d9\uc0b0 \ud30c\ub178\ub77c\ub9c8", "bloggerlink": "blog.naver.com/ansunghouse", "postdate": "20230501"}, {"title": "<b>\ud3ec\uc2a4\ucf54</b>\uc2a4\ud2f8\ub9ac\uc628 \uc218\uc775\ub960 \uc218\uc775\ub960 80% (\ub3c4\uae08\uac15\ud310, \uceec\ub7ec\uac15\ud310 \uad00\ub828\uc8fc)", "link": "https://blog.naver.com/yopretty37/223079162734", "description": "\uc5b4\uc81c \ub9e4\ub3c4\ud588\ub358 \uc885\ubaa9\uc740 <b>\ud3ec\uc2a4\ucf54</b>\uc2a4\ud2f8\ub9ac\uc628 \uc774\uc5c8\uad6c\uc694. \uc218\uc775\ub960\uc740 80% \uc600\uc2b5\ub2c8\ub2e4. <b>\ud3ec\uc2a4\ucf54</b>\uc5e0\ud14d \ub9e4\ub3c4 \ud6c4 \ubc14\ub85c \uc0c0\ub358 \uc885\ubaa9\uc774 <b>\ud3ec\uc2a4\ucf54</b>\uc2a4\ud2f8\ub9ac\uc628 \uc774\uc5c8\uc2b5\ub2c8\ub2e4. <b>\ud3ec\uc2a4\ucf54</b>\uc5e0\ud14d\uc774 \uc81c\uac00 \uc804\ub7c9 \ub9e4\ub3c4 \ud55c \uc774\ud6c4 \ub354 \uc0c1\uc2b9\uc138\ub97c... ", "bloggername": "\ud589\ubcf5\ud55c \ud22c\uc790, having .. \u2665", "bloggerlink": "blog.naver.com/yopretty37", "postdate": "20230419"}, {"title": "\ub300\uce58\ub3d9 <b>\ud3ec\uc2a4\ucf54</b>\uc0ac\uac70\ub9ac \ub3c4\uc2dc\ub77d\uce74\ud398 \ud314\ub85c\uc6b0\uc2a4\ud0c0 / \ucd08\ubc25 \uc0d0\ub7ec\ub4dc \ub864", "link": "https://blog.naver.com/diary_gogimandu/223095749591", "description": "\uac8c \ud070 \ub4ef) \ud3ec\uc2a4\ud305 \uc4f0\ub2e4\ubcf4\ub2c8 \uace7 \ud55c\ubc88 \uac00\uc9c0 \uc2f6\ub2e4 \ud55c\ub450\ub2ec\uc5d0 \ud55c\ubc88 \uc815\ub3c4 \ucfe8\ud0c0\uc784 \ucc28\uba74 \uac00\ub294 \ud3b8. #\ud314\ub85c\uc6b0\uc2a4\ud0c0 #\ub300\uce58\ub3d9\ub9db\uc9d1 #\uc120\ub989\uc5ed\ub9db\uc9d1 #<b>\ud3ec\uc2a4\ucf54</b>\uc0ac\uac70\ub9ac\ub9db\uc9d1 #\ub3c4\uc2dc\ub77d\uce74\ud398 #\ub0b4\ub3c8\ub0b4\uc0b0 #\ub9cc\ub450\ub300\ub9ac_\ub9db\uc9d1 #\uc0d0\ub7ec\ub4dc\ub9db\uc9d1 #\ucd08\ubc25\ub9db\uc9d1", "bloggername": "diary_gogimandu", "bloggerlink": "blog.naver.com/diary_gogimandu", "postdate": "20230508"}, {"title": "<b>\ud3ec\uc2a4\ucf54</b>\uc5e0\ud14d \uc8fc\uac00 \uadf8\ub8f9\uc8fc\ub4e4 2\ucc28\uc804\uc9c0 \ud14c\ub9c8 \ub300\uc7a5\uc8fc \ub4f1\uadf9?(4.14\uc77c)", "link": "https://blog.naver.com/jenny_on/223078719054", "description": "\ud558\uace0 \ubcf4\ub2c8 <b>\ud3ec\uc2a4\ucf54</b>\uadf8\ub8f9\uc8fc \uad00\ub828 \uae00\uc774\uc5c8\ub124\uc694 \uc774 \uae00\uc744 \uc800\uc7a5\ud574\ub450\uace0 \ubc1c\ud589\uc744 \ubabb\ud588\ub294\ub370 \uadf8 \uc2dc\uc810\uc774 23\ub144 4\uc6d4 14\uc77c 13\uc2dc56\ubd84\uc774\uc5c8\ub294\ub370 \uc784\uc2dc\uc800\uc7a5 \ud574\ub454 \uc774\ud6c4\uc758 \uc8fc\uac00\ud750\ub984\uc740 <b>\ud3ec\uc2a4\ucf54</b>\uc778\ud130\ub0b4\uc154\ub110, <b>\ud3ec\uc2a4\ucf54</b>\ud4e8\ucc98\uccc4, POSCO\ud640\ub529\uc2a4... ", "bloggername": "\ud2b8\ub80c\ub4dc(Trend)\ub97c \ubcf4\uba74 IT \uacbd\uc81c \ube44\uc9c0\ub2c8\uc2a4\uac00 \ubcf4\uc778\ub2e4", "bloggerlink": "blog.naver.com/jenny_on", "postdate": "20230418"}, {"title": "\ubbf8\ud0dc\ub9ac\ud30c\uc2a4\ud0c0 \uac00\uc131\ube44\ub9cc\uc810 <b>\ud3ec\uc2a4\ucf54</b>\uc0ac\uac70\ub9ac \ub9db\uc9d1 \ub0b4\ub3c8\ub0b4\uc0b0", "link": "https://blog.naver.com/black585/223093041791", "description": "\u314b \ubbf8\ud0dc\ub9ac\ud30c\uc2a4\ud0c0 \uc120\ub989<b>\ud3ec\uc2a4\ucf54</b>\uc810 \uc11c\uc6b8 \uac15\ub0a8\uad6c \uc120\ub989\ub85c90\uae38 70 2\uce35 \ub9e4\uc77c 11:00 - 21:00 / 14:00 - 17:00 \ube0c\ub808\uc774\ud06c\ud0c0\uc784 \uc120\ub989\uc5ed 1\ubc88 \ucd9c\uad6c\ub85c \ucb49 \uac78\uc5b4\uac00\uba74 <b>\ud3ec\uc2a4\ucf54</b>\uc13c\ud130\uac00 \ub098\uc624\ub294\ub370 <b>\ud3ec\uc2a4\ucf54</b>\uae4c\uc9c0\ub294 \ubabb\uac00\uc11c \uc788\uc5b4\uc694 \u314e\u314e \uc598\uae30\ud558\ub2e4\ubcf4\uba74... ", "bloggername": "JOO_U \uc8fc\uc6b0_Daily \uc77c\uc0c1", "bloggerlink": "blog.naver.com/black585", "postdate": "20230504"}, {"title": "230307 \ubc30\ud130\ub9ac \uc120\ub3c4\uc8fc <b>\ud3ec\uc2a4\ucf54</b>\ucf00\ubbf8\uce7c\uc758 \ub300\uc138 \ucc9c\uc815\uad8c \ub9e4\ub3c4.", "link": "https://blog.naver.com/gaajur/223037507138", "description": "\uc804\uae30\ucc28\uc6a9 2\ucc28\uc804\uc9c0 \uc5c5\uccb4 \uc911 \uacbd\uc7c1\ub825\uc774 \uac15\ud574 \uc120\ub3c4\uc8fc \uc5ed\ud560\uc744 \ud574 \uc628 <b>\ud3ec\uc2a4\ucf54</b>\ucf00\ubbf8\uce7c\uc774 \uc2e0\uace0\uac00 \uc0c1\uc2b9\uc744 \ud558\uc600\ub2e4. \uadf8\ub7ec\ub098 \uc8fc\uac00\ub294 \ub300\uc138 \ucd94\uc138 \uad6c\ub3c4\uc758 \uc0c1\ub2e8\uc5d0 \uc9c4\uc785\ud558\uba74\uc11c \ub300\uc138 \ucd94\uc138\uc758 \ucc9c\uc815 \uc804\ud658\uc810\uc5d0 \uc774\ub978 \ub4ef \ud558\ub2e4. \uacfc\uac70... ", "bloggername": "\uc96c\ub77c\uae30\uc758 \uc138\uc0c1\uc744 \ubcf4\ub294 \ucc3d", "bloggerlink": "blog.naver.com/gaajur", "postdate": "20230307"}, {"title": "<b>\ud3ec\uc2a4\ucf54</b>DX \ucc44\uc6a9 / Digital Twin \ubd84\uc57c \uc2e0\uc785 \uacbd\ub825 \ucc44\uc6a9(\uc815\uaddc\uc9c1)", "link": "https://blog.naver.com/bosungabi/223070030834", "description": "30(\uc77c) 23:59 \uc811\uc218 \ubc29\ubc95 : <b>\ud3ec\uc2a4\ucf54</b>DX \ucc44\uc6a9 \ud648\ud398\uc774\uc9c0 \uc9c0\uc6d0\uc11c \uc811\uc218 \uac01 \uc804\ud615\ubcc4 \uacb0\uacfc\ub294 \uc774\uba54\uc77c\ub85c \uac1c\ubcc4\uc548\ub0b4 \ub4dc\ub9bd\ub2c8\ub2e4. * <b>\ud3ec\uc2a4\ucf54</b>DX \ucc44\uc6a9 : https://recruit.posco.com/h22a01-front/H22A1001.html?id=85003 \ucc44\uc6a9\ubd84\uc57c... ", "bloggername": "\uc218\ud5d8\uc11c\uc758 \uba85\uac00 \uc528\ub9c8\uc2a4", "bloggerlink": "blog.naver.com/bosungabi", "postdate": "20230411"}, {"title": "2\ucc28\uc804\uc9c0\ud14c\ub9c8, \uc591\uadf9\uc7ac \uc74c\uadf9\uc7ac <b>\ud3ec\uc2a4\ucf54</b>\ud4e8\ucc98\uc5e0 <b>\ud3ec\uc2a4\ucf54</b>\uc778\ud130\ub0b4\uc154\ub110... ", "link": "https://blog.naver.com/jenny_on/223078954054", "description": "3\uc6d4 18\uc77c(\ud654) 2\ucc28\uc804\uc9c0 \uc591\uadf9\uc7ac \uc74c\uadf9\uc7ac \ubc30\ud130\ub9ac \uc18c\uc7ac \uad00\ub828\uc8fc <b>\ud3ec\uc2a4\ucf54</b>\uadf8\ub8f9\uc8fc\uc640 \uc5d0\ucf54\ud504\ub85c\uadf8\ub8f9\uc8fc \uc8fc\uac00 \ubc0f \uad00\ub828... \uc804\uccb4\uc801\uc778 \ud750\ub984\uc744 \ubcf4\ub294 \uac1c\ub150\uc774\ub77c \uc804\uc77c \uc7a5 \ub9c8\uac10 \uc218\uce58\ub85c <b>\ud3ec\uc2a4\ucf54</b> \uadf8\ub8f9\uc8fc \uc885\ubaa9\ub4e4\uc758 \ucc28\ud2b8\ub97c \ud55c\ubc88... ", "bloggername": "\ud2b8\ub80c\ub4dc(Trend)\ub97c \ubcf4\uba74 IT \uacbd\uc81c \ube44\uc9c0\ub2c8\uc2a4\uac00 \ubcf4\uc778\ub2e4", "bloggerlink": "blog.naver.com/jenny_on", "postdate": "20230419"}, {"title": "<b>\ud3ec\uc2a4\ucf54</b>, \ud604\ub300\uc81c\ucca0 \ubcf4\uc720 &apos;\ud56b \uc2a4\ud0ec\ud551&apos; \ud2b9\ud5c8 \ucde8\uc18c\uc2dc\ucf30\ub2e4", "link": "https://blog.naver.com/fee33ff/223098924379", "description": "<b>\ud3ec\uc2a4\ucf54</b>, \ud604\ub300\uc81c\ucca0 \ubcf4\uc720 '\ud56b \uc2a4\ud0ec\ud551' \ud2b9\ud5c8 \ucde8\uc18c\uc2dc\ucf30\ub2e4 \ube14\ub85c\ud130 \uc870\uc7ac\ud6c8 \uae30\uc790 2023.05.10. <b>\ud3ec\uc2a4\ucf54</b>\uac00 \ud604\ub300\uc81c\ucca0\uc774 \ubcf4\uc720\ud55c '\ud56b \uc2a4\ud0ec\ud551' \uad00\ub828 \ud2b9\ud5c8\ub97c \ucde8\uc18c\uc2dc\ucf30\ub2e4. \ud56b\uc2a4\ud0ec\ud551\uc774\ub780 \uace0\uc628\uc73c\ub85c \uac00\uc5f4\ub41c \uac15\ud310\uc744 \ud504\ub808\uc2a4\ub85c \ub20c\ub7ec... ", "bloggername": "\uc9c0\ub2c8\uc548 \ud2b9\ud5c8\ubd84\uc7c1", "bloggerlink": "blog.naver.com/fee33ff", "postdate": "20230511"}, {"title": "\uacbd\ucd95!!<b>\ud3ec\uc2a4\ucf54</b>\ucca0\ub3c4 \ucd5c\uc885\ud569\uaca9\ud6c4\uae30[\uacf5\uae30\uc5c5\ubc18 \uc7a5*\uc900]... ", "link": "https://blog.naver.com/oks1200/223101225281", "description": "\uacbd\ucd95!!<b>\ud3ec\uc2a4\ucf54</b>\ucca0\ub3c4 \ucd5c\uc885\ud569\uaca9\ud6c4\uae30[\uacf5\uae30\uc5c5\ubc18 \uc7a5*\uc900]-\ub300\uad6c\uc6d4\ub4dc\uacf5\uc0ac\uacf5\ubb34\uc6d0\ud559\uc6d0 NCS+\uae30\uacc4\uc77c\ubc18 \uc218\uac15\uc790 \uc548\ub155\ud558\uc138\uc694, \ucde8\uc5c5\uc900\ube44 3\ub144 \ub9cc\uc5d0 <b>\ud3ec\uc2a4\ucf54</b> \ucd5c\uc885\ud569\uaca9\uc744 \ud55c \uc218\uac15\uc0dd\uc785\ub2c8\ub2e4! \uc57d 1\ub144 \ubc18 \uc815\ub3c4\uc758 \uae30\uac04\ub3d9\uc548 \ud63c\uc790 \uacf5\ubd80\ub97c \ud558\uba74\uc11c... ", "bloggername": "\ub300\uad6c\uacf5\uae30\uc5c5\ud559\uc6d0NCS.\uc804\uae30.\uae30\uacc4/\ucca0\ub3c4\uae30\uad00\uc0ac/\ud2b9\uc131\ud654\uace0", "bloggerlink": "blog.naver.com/oks1200", "postdate": "20230513"}, {"title": "<b>\ud3ec\uc2a4\ucf54</b>\ud640\ub529\uc2a4 \ub9e4\ub3c4\ud6c4...\ub2e8\uc0c1", "link": "https://blog.naver.com/fly_tts/223071222432", "description": "- KT\uc5d0 \uc774\uc5b4 \ucd5c\uc815\uc6b0 \ud68c\uc7a5 \ud754\ub4e4\uae30 \uc598\uae30\uac00 \uc194\uc194 \ub098\uc624\uace0 \uc788\uace0 - <b>\ud3ec\uc2a4\ucf54</b>\ud640\ub529\uc2a4\ub294 \uc9c0\uae08 \uc138\ubb34\uc870\uc0ac \uc911\uc774\uace0 - \ud22c\uc790\uc8fc\uccb4\uc911 \uac1c\uc778\ub9cc \uc8fc\uad6c\uc7a5\ucc3d \uc0ac\uace0 \uc788\uace0, \uc678\uc778\uc740 \ub610 \ub05d\uc5c6\uc774 \uc904\uc774\uace0 \uc788\uace0... - 2\ucc28\uc804\uc9c0\ub294 IRA \uc138\ubd80\uc9c0\uce68 \ubc1c\ud45c\uc640... ", "bloggername": "\ub530\uc2a4\ud558\uace0 \ud3c9\ud654\ub85c\uc6b4 \uc77c\uc0c1\uacfc \uc990\uac70\uc6b4 \ud22c\uc790", "bloggerlink": "blog.naver.com/fly_tts", "postdate": "20230411"}, {"title": "\uace8\ub4e0\ud0c0\uc6cc \uc784\ub300 \uc0bc\uc131\ub3d9 \uc0ac\ubb34\uc2e4, <b>\ud3ec\uc2a4\ucf54</b>\uc0ac\uac70\ub9ac \uc0bc\uc131\uc5ed", "link": "https://blog.naver.com/smspkkb/223073813019", "description": "\uadf8 \uc911 <b>\ud3ec\uc2a4\ucf54</b>\uc0ac\uac70\ub9ac \uc778\uadfc \ub300\ub85c\uc5d0 \uc704\uce58\ud55c \uace8\ub4e0\ud0c0\uc6cc\ub294 \ud2b9\ud788 \uc778\uc9c0\ub3c4\uac00 \ub192\uc740 \uac74\ubb3c\ub85c \ud604\uc7ac \uc804\uc6a9114\ud3c9 \ubc0f \uc804\uc6a971\ud3c9 \uacf5\uc2e4\ub85c \uc784\ub300 \uc9c4\ud589\uc911\uc5d0 \uc788\uc2b5\ub2c8\ub2e4. \uace8\ub4e0\ud0c0\uc6cc <b>\ud3ec\uc2a4\ucf54</b>\uc0ac\uac70\ub9ac \uc0bc\uc131\ub3d9 \uace8\ub4e0\ud0c0\uc6cc \uace8\ub4e0\ud0c0\uc6cc... ", "bloggername": "LinkACE \uc624\ud53c\uc2a4 \uc804\ubb38\uc911\uac1c", "bloggerlink": "blog.naver.com/smspkkb", "postdate": "20230414"}, {"title": "<b>\ud3ec\uc2a4\ucf54</b>\uc0ac\uac70\ub9ac \uce58\ud0a8 \ub354\uc81c\uc774\uc81c\uc774 \uba54\ub274.", "link": "https://blog.naver.com/rivertour/223064096713", "description": "#<b>\ud3ec\uc2a4\ucf54</b>\uc0ac\uac70\ub9ac\uce58\ud0a8 #\uce58\ud0a8\ub354\uc81c\uc774\uc81c\uc774 \uc804\uc9c1\uc7a5 OB,YB\ubaa8\uc784\uc774 \uc788\uc5b4\uc11c \uc624\ub79c\ub9cc\uc5d0 <b>\ud3ec\uc2a4\ucf54</b>\uc0ac\uac70\ub9ac \uc778\uadfc\uc5d0\uc11c \ub9cc\ub0ac\ub2e4. \ub3d9\uc778\ub3d9\uc5d0\uc11c 1\ucc28\ub97c \ud558\uace0 2\ucc28\ub85c \ub4e4\ub800\ub358 \uce58\ub9e5\uc9d1. \uadf8\ub7f0\ub370 \uce58\ud0a8\uc740 \uc548\uba39\uace0 \ub2e4\ub978 \uc548\uc8fc\ub97c...\u314b\u314b \uae00, \uc0ac\uc9c4 : \ubc0d\ud06c... ", "bloggername": "\ubc29\ub791 \uadf8\ub9ac\uace0 \uadf8\ub0a0\uc744 \uae30\ub2e4\ub9ac\uba70...", "bloggerlink": "blog.naver.com/rivertour", "postdate": "20230404"}, {"title": "<b>\ud3ec\uc2a4\ucf54</b>\uc778\ud130\ub0b4\uc154\ub110, LNG \uc804\uc6a9\uc120 \ub3c4\uc785\uc73c\ub85c \ubc38\ub958\uccb4\uc778 \uac15\ud654", "link": "https://blog.naver.com/kjtimes1/223098428809", "description": "[KJtimes=\uae40\ubd04\ub0b4 \uae30\uc790]<b>\ud3ec\uc2a4\ucf54</b>\uc778\ud130\ub0b4\uc154\ub110\uc774 LNG \uc804\uc6a9\uc120 \ud655\ubcf4\ub85c LNG \uc0ac\uc5c5 \ubc38\ub958\uccb4\uc778 \uc644\uc131\uc744 \uacf5\uace0\ud788 \ud55c\ub2e4. <b>\ud3ec\uc2a4\ucf54</b>\uc778\ud130\ub0b4\uc154\ub110(\ubd80\ud68c\uc7a5 \uc815\ud0c1)\uc740 10\uc77c 174K CBM(\ud050\ube45\ubbf8\ud130)\uae09 LNG\uc120\uc744 \ud655\ubcf4\ud574 LNG\uc0ac\uc5c5\uc5d0 \ud65c\uc6a9\ud560 \uacc4\ud68d\uc744... ", "bloggername": "KJtimes", "bloggerlink": "blog.naver.com/kjtimes1", "postdate": "20230510"}, {"title": "562-\u3010\ub178\ub7c9\uc9c43\uad6c\uc5ed\u3011-\ud55c\uac15\uc870\ub9dd/\ucd08\ud488\uc544~<b>\ud3ec\uc2a4\ucf54</b> \ud558\uc774\uc564\ub4dc\ube0c\ub79c\ub4dc... ", "link": "https://blog.naver.com/kuk4749/223103702174", "description": "- \ub178\ub7c9\uc9c4\ub274\ud0c0\uc6b4/\ub178\ub7c9\uc9c4\uc7ac\uac1c\ubc1c 3\uad6c\uc5ed \uc2dc\uacf5\uc0ac <b>\ud3ec\uc2a4\ucf54</b>\uac74\uc124 \ud558\uc774\uc5d4\ub4dc\ube0c\ub79c\ub4dc(\uc624\ud2f0\uc5d0\ub974)\uc120\uc815 (2022.04.02) \ud6c4\ubd84\uc591-\uc77c\ubc18\ubd84\uc591\uc218\uc785 \uadf9\ub300\ud654, \uc0ac\uc5c5\ube44 \uc2dc\uacf5\uc0ac \ucc45\uc784\uc870\ub2ec,\uc774\uc8fc\ube44 100%/\ubd84\ub2f4\uae08(\uc774\uc790\uc5c6\uc74c),\uacf5\uc0ac\ube44\uc99d\uc561\ubd80\ubd84... ", "bloggername": "\ub178\ub7c9\uc9c4\uc2a4\ub9c8\ud2b8\ubd80\ub3d9\uc0b0 \u260e02-823-8100 \ub274\ud0c0\uc6b4,\uc7ac\uac1c\ubc1c\uc804\ubb38", "bloggerlink": "blog.naver.com/kuk4749", "postdate": "20230516"}, {"title": "\uac15\ub0a8 <b>\ud3ec\uc2a4\ucf54</b> \uc0ac\uc625\uc5d0\uc11c \ubc1c\uc0dd\ud55c \ud22c\uc2e0 \uc0ac\uac74", "link": "https://blog.naver.com/yjlcu/223069517130", "description": "\u00a9 marcojodoin, \ucd9c\ucc98 Unsplash \uac15\ub0a8 <b>\ud3ec\uc2a4\ucf54</b> \uc0ac\uc625\uc5d0\uc11c \ubc1c\uc0dd\ud55c \ud22c\uc2e0 \uc0ac\uac74\uc774 \ubcf4\ub3c4\ub418\uc5c8\uc2b5\ub2c8\ub2e4. \uc774 \uc0ac\uac74\uc740 7\uc77c \ub0ae 12\uc2dc 30\ubd84\ucbe4 \uc11c\uc6b8 \uac15\ub0a8\uad6c \ub300\uce58\ub3d9 <b>\ud3ec\uc2a4\ucf54</b> \uc0ac\uc625\uc5d0\uc11c 30\ub300 \ub0a8\uc131\uc774 \ud22c\uc2e0\ud574 \uc228\uc9c4 \uac83\uc73c\ub85c \uc54c\ub824\uc84c\uc2b5\ub2c8\ub2e4.... ", "bloggername": "\ud3f4\ub780\ub4dc \uc0b4\uc774 & IT \ub77c\uc774\ud504", "bloggerlink": "blog.naver.com/yjlcu", "postdate": "20230409"}, {"title": "\ucc9c\uc548 <b>\ud3ec\uc2a4\ucf54</b> \ub354\uc0f5 \uc2e0\ubd80\ub3d9 \uc2e0\ub450\uc815\uc9c0\uad6c \ubbf8\ub798\uac00\uce58", "link": "https://blog.naver.com/juda3168/223072212505", "description": "\ucc9c\uc548 <b>\ud3ec\uc2a4\ucf54</b> \ub354\uc0f5 \uc13c\ud2b8\ub77c \ubaa8\ub378\ud558\uc6b0\uc2a4\uc5d0\uc11c \ub4dc\ub9ac\ub294 \ubd84\uc591\uc815\ubcf4! \uc5b8\uc820\uac00 \uc774\ub7f0 \uc758\uacac\uc774 \ubd84\ubd84\ud588\ub358 \ub54c\uac00... \uc2e0\ubd80\ub3d9 <b>\ud3ec\uc2a4\ucf54</b> \ub354\uc0f5\uc740 59\ud0c0\uc785\uc5d0\uc11c 150\ud0c0\uc785 \ud39c\ud2b8\ud558\uc6b0\uc2a4\uae4c\uc9c0 \uc18c\uc911 \ub300\ud615 \ud3c9\ud615\uc73c\ub85c \uad6c\uc131\ub41c \uc54c\ucc28 \ub2e8\uc9c0\uc785\ub2c8\ub2e4.... ", "bloggername": "\uae08\uba85\ubd80\ub3d9\uc0b0", "bloggerlink": "blog.naver.com/juda3168", "postdate": "20230412"}, {"title": "\ud3d0\ubc30\ud130\ub9ac\ub97c \ubcf4\ub294 \uc2dc\uc7a5, <b>\ud3ec\uc2a4\ucf54</b>\ud640\ub529\uc2a4", "link": "https://blog.naver.com/junsa26/223018776026", "description": "<b>\ud3ec\uc2a4\ucf54</b>\ud640\ub529\uc2a4\uac00 \uc774\ub7f0\uc2dd\uc73c\ub85c \uc804\uace0\ub97c \ub3cc\ud30c\ud558\ub294 \uac78 \ubcf4\uace0 \ub3c4\ub300\uccb4 \ubb58\uae4c \uad81\uae08\ud588\ub2e4 \uc804\uace0 \ub3cc\ud30c\ub97c \uc544\uc8fc... \uc8fc\uc694\ud55c \ud50c\ub808\uc774\uc5b4\ub85c\ub294 <b>\ud3ec\uc2a4\ucf54</b>\ud640\ub529\uc2a4, \uc5d0\ucf54\ud504\ub85c, \uc131\uc77c\ud558\uc774\ud14d, \uc544\uc774\uc5d0\uc2a4\ub3d9\uc11c, \uc0c8\ube57\ucf10, \ucf54\uc2a4\ubaa8\ud654\ud559 \uc815\ub3c4\ub2e4... ", "bloggername": "\uac00\uce58\ud22c\uc790 \uc774\uc57c\uae30", "bloggerlink": "blog.naver.com/junsa26", "postdate": "20230217"}, {"title": "[\ud3ec\ud56d] <b>\ud3ec\uc2a4\ucf54</b> \uacac\ud559 &quot; Park 1538 &quot;", "link": "https://blog.naver.com/hcj4379/223032431240", "description": "\ud3ec\ud56d <b>\ud3ec\uc2a4\ucf54</b> \uacac\ud559\uc785\ub2c8\ub2e4 \uc5c4\uccad\ub09c \uaddc\ubaa8\uc5d0 \ub180\ub790\uc5b4\uc694 \u314e\u314e park 1538 \uc758\ubbf8\ub294 \ucca0\uc774 \ub179\ub294 \uc628\ub3c4\uac00 1538\ub3c4\uc5ec\uc11c \ub77c\uace0 \ud569\ub2c8\ub2e4 \u314e\u314e \uc785\uad6c\ubd80\ud130 \uac70\ub300\ud568 \ucc98\uc74c \uc608\uc57d\ud560\ub54c \ucf54\uc2a4\ubcc4 \uc120\ud0dd\uc744 \ud560 \uc218 \uc788\ub294\ub370\uc694 \uc608\uc57d\uc740 <b>\ud3ec\uc2a4\ucf54</b>\ud30c\ud06c 1538... ", "bloggername": "CJ\ubaa8\ud130\uc2a4 \uce74\ud074\ub9ac\ub2c9", "bloggerlink": "blog.naver.com/hcj4379", "postdate": "20230311"}, {"title": "[\uae30\uc5c5\ud589\uc0ac\ub2e4\uacfc] <b>\ud3ec\uc2a4\ucf54</b>A&amp;C \uae30\uc5c5\uc724\ub9ac\uad50\uc721 \ud3ec\ud56d\uc0ac\ubb34\uc18c \uc218\uc81c\uce94\ucee4\ud53c", "link": "https://blog.naver.com/comfactorycoffee/223098152851", "description": "<b>\ud3ec\uc2a4\ucf54</b>A&amp;C \uae30\uc5c5\uc724\ub9ac\uad50\uc721\ub2e4\uacfc \ud3ec\ud56d\uc0ac\ubb34\uc18c \u25fe \uc218\uc81c\uce94\ucee4\ud53c&amp;\ucfe0\ud0a4 \u25fe <b>\ud3ec\uc2a4\ucf54</b> \ud589\uc0ac\uad50\uc721\uba85 \ub77c\ubca8\uc81c\uc791 <b>\ud3ec\uc2a4\ucf54</b> \ud3ec\ud56d\uc0ac\ubb34\uc18c\ub85c \ubcf4\ub0b4\ub4dc\ub9b0 \uae30\uc5c5\uad50\uc721\ub2e4\uacfc \uc218\uc81c\uce94\ucee4\ud53c\uc785\ub2c8\ub2e4~ \uc9c0\ub09c\ubc88\uc5d0 \uc11c\uc6b8\uc0ac\ubb34\uc18c \uad50\uc721\ub54c \uc8fc\ubb38\ud574\uc8fc\uc2e0\ub370... ", "bloggername": "\ucee4\ud53c\ucf00\uc774\ud130\ub9c1&\ucf00\uc774\ud130\ub9c1\ubc15\uc2a4[\ucef4\ud329\ud1a0\ub9ac\ucee4\ud53c]", "bloggerlink": "blog.naver.com/comfactorycoffee", "postdate": "20230510"}, {"title": "\uc0bc\uc131\uc804\uc790, <b>\ud3ec\uc2a4\ucf54</b>\uc778\ud130\ub0b4\uc154\ub110, LG\ud654\ud559, \uc0bc\uc131\ubb3c\uc0b0 / 2023\ub144... ", "link": "https://blog.naver.com/noonsseol-/223086503110", "description": "\uc0bc\uc131\uc804\uc790, <b>\ud3ec\uc2a4\ucf54</b>\uc778\ud130\ub0b4\uc154\ub110, LG\ud654\ud559, \uc0bc\uc131\ubb3c\uc0b0\uc758 2023\ub144 1\ubd84\uae30 \uc2e4\uc801 \ubc1c\ud45c \ub0b4\uc6a9\uc785\ub2c8\ub2e4. \uc0bc\uc131\uc804\uc790... <b>\ud3ec\uc2a4\ucf54</b>\uc778\ud130\ub0b4\uc154\ub110 <b>\ud3ec\uc2a4\ucf54</b>\uc778\ud130\ub0b4\uc154\ub110\uc740 1\ubd84\uae30 \uc601\uc5c5\uc774\uc775 2795\uc5b56200\ub9cc\uc6d0\uc73c\ub85c \uc9c0\ub09c\ud574 1\ubd84\uae30\uc5d0 \ube44\ud574 29.4... ", "bloggername": "\ubcf4\uc634 \uc0c8-\uc2f9", "bloggerlink": "blog.naver.com/noonsseol-", "postdate": "20230427"}, {"title": "2023\ub144 <b>\ud3ec\uc2a4\ucf54</b>1%\ub098\ub214\uc7ac\ub2e8 \ub9de\ucda4\ud615 \ubcf4\uc870\uae30\uad6c \uc9c0\uc6d0\uc0ac\uc5c5... ", "link": "https://blog.naver.com/sj_bokji/223096589927", "description": "\uc624\ub298\uc740 <b>\ud3ec\uc2a4\ucf54</b> 1% \ub098\ub214\uc7ac\ub2e8\uc5d0\uc11c \uc2e4\uc2dc\ud558\ub294 \ub9de\ucda4\ud615 \ubcf4\uc870\uae30\uad6c \uc9c0\uc6d0\uc0ac\uc5c5 \ud76c\ub9dd\ub0a0\uac1c\uc5d0 \ub300\ud55c \uc815\ubcf4\ub97c \ub4dc\ub9ac\uace0\uc790 \ucc3e\uc544\uc654\uc2b5\ub2c8\ub2e4! \uc790\uc138\ud55c \ub0b4\uc6a9\uc740 \uc544\ub798 \uc774\ubbf8\uc9c0\ub97c \ucc38\uace0\ud574\uc8fc\uc138\uc694! -2023\ub144 <b>\ud3ec\uc2a4\ucf54</b>1%\ub098\ub214\uc7ac\ub2e8 \ub9de\ucda4\ud615... ", "bloggername": "\uc138\uc885\uc2dc\uc7a5\uc560\uc778\ubcf5\uc9c0\uad00", "bloggerlink": "blog.naver.com/sj_bokji", "postdate": "20230508"}, {"title": "<b>\ud3ec\uc2a4\ucf54</b> 55\uc8fc\ub144\u2026 \u201c\uc874\uacbd\ubc1b\ub294 100\ub144 \uae30\uc5c5\u201d \ub2e4\uc9d0", "link": "https://blog.naver.com/kssil1004/223064154480", "description": "<b>\ud3ec\uc2a4\ucf54</b> 55\uc8fc\ub144\u2026 \u201c\uc874\uacbd\ubc1b\ub294 100\ub144 \uae30\uc5c5\u201d \ub2e4\uc9d0 \uc11c\uc6b8\uc2e0\ubb38 \ucd5c\uc815\uc6b0 \ud68c\uc7a5, \ubc15\uc815\ud76c\u00b7\ubc15\ud0dc\uc900 \ucc38\ubc30 \u201c\ubbf8\ub798 \uc131\uc7a5 \u2018\ub9ac\uc5bc \ubc38\ub958\u2019 \uacbd\uc601 \uc2e4\ud604\u201d \ucd5c\uc815\uc6b0 <b>\ud3ec\uc2a4\ucf54</b>\uadf8\ub8f9 \ud68c\uc7a5\uacfc \uacbd\uc601\uc9c4\uc740 3\uc77c \ubcc4\ub2e4\ub978 \ucc3d\ub9bd \uae30\ub150 \ud589\uc0ac\ub97c \uce58\ub974\uc9c0... ", "bloggername": "\uc131\uc2e4\ubfdc\ubfdc \uac15\uc131\uc2e4 &apos;s Blog", "bloggerlink": "blog.naver.com/kssil1004", "postdate": "20230404"}, {"title": "\uc774\ud654\uc804\uae30, <b>\ud3ec\uc2a4\ucf54</b>DX, \uc5d0\uc2a4\uc5e0\ubca1\uc140", "link": "https://blog.naver.com/hellodas/223078667403", "description": "\uc8fc\uc2dd\ud22c\uc790\ub77c\ub294 \uac83\uc774 \uc218\uc775\uc744 \ub0b4\ub294 \uac83\uc774 \ubaa9\uc801\uc774\ub2e4 \ubcf4\ub2c8 \uc2e4\uc801\ubcf4\ub2e4\ub294 \ubbf8\uc778\uc8fc(?)\ub97c \ucad3\ub294 \uac83\uc774 \ub354 \ud604\uba85\ud55c\ub4ef\ud558\uc5ec \uc5b4\uc81c \uc5d0\uc2a4\uc5e0\ubca1\uc140\uacfc <b>\ud3ec\uc2a4\ucf54</b>\uc2a4\ud2f8\ub9ac\uc628, \uc774\ud654\uc804\uae30, <b>\ud3ec\uc2a4\ucf54</b>DX\uac00 \ubbf8\uc778\uc8fc\uc778\ub4ef\ud558\uc5ec \ub9e4\uc218\ub300\uae30. \uc5d0\uc2a4\uc5e0\ubca1\uc140\uc744... ", "bloggername": "50\uc5b5 \ubc8c\uae30 \ud504\ub85c\uc81d\ud2b8!!", "bloggerlink": "blog.naver.com/hellodas", "postdate": "20230418"}, {"title": "\uc5d0\uc2a4\ud53c\uc9c0, \uc870\uc77c\uc54c\ubbf8\ub284, <b>\ud3ec\uc2a4\ucf54</b>\uc5e0\ud14d, \ud2f0\ub85c\ubcf4\ud2f1\uc2a4 \ub9e4\ub3c4", "link": "https://blog.naver.com/ninjagirl/223052807169", "description": "\ubab0\ub77c\ubd10\uc11c \ubbf8\uc548\ud558\ub2e4~ <b>\ud3ec\uc2a4\ucf54</b>\uc5e0\ud14d <b>\ud3ec\uc2a4\ucf54</b>\uc5e0\ud14d\uc740 <b>\ud3ec\uc2a4\ucf54</b>\uadf8\ub8f9 \uacc4\uc5f4\uc758 \ucca0\uac15\ud3ec\uc7a5 \ubc0f \ucca0\uac15\ubd80\uc6d0\ub8cc \uc0ac\uc5c5 \uc601\uc704\ud558\ub294 \uc5c5\uccb4\uc785\ub2c8\ub2e4. \ub9ac\ud2ac\uad00\ub828\uc8fc\ub85c \ubd84\ub958\ub418\uc5b4 \uae09\ub4f1\uc911\uc785\ub2c8\ub2e4. \uc784\uc6d0\ub4e4\uc758 \uc8fc\uc2dd \ubcf4\uc0c1\uc744 \uc704\ud574 1\uc5b59363\ub9cc\uc6d0 \uaddc\ubaa8\uc758... ", "bloggername": "\uba40\ud2f0\uc8fc\ubd80 \ud638\ube75\ub9d8", "bloggerlink": "blog.naver.com/ninjagirl", "postdate": "20230322"}, {"title": "<b>\ud3ec\uc2a4\ucf54</b>, 2023\ub144\ub3c4 \ub300\ud55c\uc6a9\uc811\uc811\ud569\ud559\ud68c \ucd98\uacc4 \ud559\uc220\ubc1c\ud45c\ub300\ud68c\uc5d0\uc11c... ", "link": "https://blog.naver.com/kjtimes1/223100151429", "description": "[KJtimes=\uae40\uc2b9\ud6c8 \uae30\uc790]<b>\ud3ec\uc2a4\ucf54</b>\uac00 5\uc6d4 11\uc77c(\ubaa9)\ubd80\ud130 12\uc77c(\uae08) \uc591\uc77c\uac04 \ub300\uc804\ucee8\ubca4\uc158\uc13c\ud130(DCC)\uc5d0\uc11c \uc5f4\ub9b0 2023\ub144\ub3c4... \ubc0f <b>\ud3ec\uc2a4\ucf54</b>, \ud604\ub300\uc81c\ucca0, \ud55c\uad6d\uc870\uc120\ud574\uc591, \ub300\uc6b0\uc870\uc120\ud574\uc591, \uc0bc\uc131\uc911\uacf5\uc5c5, \ud604\ub300\uc790\ub3d9\ucc28, \ud55c\ud654, LG\uc5d0\ub108\uc9c0\uc194\ub8e8\uc158... ", "bloggername": "KJtimes", "bloggerlink": "blog.naver.com/kjtimes1", "postdate": "20230512"}, {"title": "<b>\ud3ec\uc2a4\ucf54</b>DX-PwC\ucee8\uc124\ud305, \uc2a4\ub9c8\ud2b8\ud329\ud1a0\ub9ac \ud655\uc0b0 \uc704\ud574 \u2018\ub9de\uc190\u2019", "link": "https://blog.naver.com/kips1214/223102686745", "description": "\u25b2 15\uc77c <b>\ud3ec\uc2a4\ucf54</b>DX \ud310\uad50\uc0ac\uc625\uc5d0\uc11c <b>\ud3ec\uc2a4\ucf54</b>DX \uc815\ub355\uade0 \ub300\ud45c(\uc67c\ucabd\uc5d0\uc11c 4\ubc88\uc9f8)\uc640 PwC\ucee8\uc124\ud305 \ubb38\ud64d\uae30 \ubd80\ub300\ud45c(\uc67c\ucabd\uc5d0\uc11c 3\ubc88\uc9f8)\ub97c \ube44\ub86f\ud55c \ud68c\uc0ac \uad00\uacc4\uc790\ub4e4\uc774 \uc2a4\ub9c8\ud2b8\ud329\ud1a0\ub9ac \uc0ac\uc5c5\ud611\ub825\uc744 \uc704\ud55c \uc5c5\ubb34\ud611\uc57d\uc744 \uccb4\uacb0\ud558\uace0 \uae30\ub150 \ucd2c\uc601\uc744... ", "bloggername": "\ub85c\ubd07\uc2e0\ubb38", "bloggerlink": "blog.naver.com/kips1214", "postdate": "20230515"}, {"title": "\uc0bc\uc131\uc5ed <b>\ud3ec\uc2a4\ucf54</b>\uc0ac\uac70\ub9ac \ub9db\uc9d1 \uc624\ubbc0\ud1a0\ud1a0\ub9c8\ud1a0 \uc810\uc2ec\ucd94\ucc9c", "link": "https://blog.naver.com/anauda_/223048817620", "description": "\uc5b4\uc81c \uc220 \uaf34\uaf34\uaf34 \ub9db\uc788\uac8c \uba39\uace0 \uc8fc\ub9d0\uc5d0 \uac04\ub9cc\uc5d0 \ub2a6\uc7a0\uc790\uace0 \ubcd1\uc6d0\ub3c4 \ub2e4\ub140\uc624\uace0~ \ubcfc\uc77c\uc774 \uc788\uc5b4 #\uc0bc\uc131\uc5ed #<b>\ud3ec\uc2a4\ucf54</b>\uc0ac... \uc11c\uc6b8 \uac15\ub0a8\uad6c \uc0bc\uc131\ub85c86\uae38 20 1\uce35(\ub300\uce58\ub3d9 956-1) 0507-1318-9538 \uc0bc\uc131\uc5ed <b>\ud3ec\uc2a4\ucf54</b>\uc0ac\uac70\ub9ac \ub9db\uc9d1 \uc624\ubbc0\ud1a0\ud1a0\ub9c8\ud1a0 \ub9e4\uc7a5... ", "bloggername": "\uae40\ub514\ub4dc\uc758 \uc11c\uc6b8\uc0b4\uc774", "bloggerlink": "blog.naver.com/anauda_", "postdate": "20230319"}, {"title": "\ud55c\ud654\uc194\ub8e8\uc158, LG\uc804\uc790, <b>\ud3ec\uc2a4\ucf54</b>\ud640\ub529\uc2a4 / 2023\ub144 1\ubd84\uae30 \uc2e4\uc801 \ubc1c\ud45c", "link": "https://blog.naver.com/noonsseol-/223087495653", "description": "\ud55c\ud654\uc194\ub8e8\uc158, LG\uc804\uc790, <b>\ud3ec\uc2a4\ucf54</b>\ud640\ub529\uc2a4\uc758 2023\ub144 1\ubd84\uae30 \uc2e4\uc801\uc774 \ubc1c\ud45c\ub410\uc2b5\ub2c8\ub2e4. \ud55c\ud654\uc194\ub8e8\uc158 \ud55c\ud654\uc194\ub8e8\uc158\uc740... <b>\ud3ec\uc2a4\ucf54</b>\ud640\ub529\uc2a4 <b>\ud3ec\uc2a4\ucf54</b>\ud640\ub529\uc2a4\ub294 \uc62c\ud574 1\ubd84\uae30 \ub9e4\ucd9c 19\uc8703819\uc5b5\uc6d0, \uc601\uc5c5\uc774\uc775 7047\uc5b5\uc6d0\uc73c\ub85c \uc7a0\uc815\uc9d1\uacc4\ub410\ub2e4\uace0... ", "bloggername": "\ubcf4\uc634 \uc0c8-\uc2f9", "bloggerlink": "blog.naver.com/noonsseol-", "postdate": "20230428"}, {"title": "[\uc911\uc559\uc0ac\ub791] \uc911\uc559\ub300\ud559\uad50 \ucea0\ud37c\uc2a4 \ud22c\uc5b4 - 23.05.11 \uc778\ucc9c<b>\ud3ec\uc2a4\ucf54</b>\uace0... ", "link": "https://blog.naver.com/caulove23/223099545915", "description": "[\uc778\ucc9c<b>\ud3ec\uc2a4\ucf54</b>\uace0\ub4f1\ud559\uad50] \ud559\uc0dd\ub4e4\uc774 \ucc3e\uc544\uc640\uc8fc\uc5c8\uc2b5\ub2c8\ub2e4! \uc2e4\ub0b4 \ucea0\ud37c\uc2a4 \ud22c\uc5b4\ub97c \ub2f4\ub2f9\ud574\uc8fc\uc2e0 \uc6b0\ub9ac\uc758 \ud558\uc601\uc559\ub791\uacfc \ud568\uaed8 \uc778\ucc9c<b>\ud3ec\uc2a4\ucf54</b>\uace0\ub4f1\ud559\uad50\uc758 \uc2e4\ub0b4 \ucea0\ud37c\uc2a4 \ud22c\uc5b4\ub97c \uc2dc\uc791\ud588\uc2b5\ub2c8\ub2e4! \ud558\uc601\uc559\ub791\uc758 \ub9e4\ub044\ub7ec\uc6b4 \uc9c4\ud589\uacfc \ud559\uc0dd\ub4e4\uc758... ", "bloggername": "\uc911\uc559\ub300\ud559\uad50 \ud64d\ubcf4\ub300\uc0ac \uc911\uc559\uc0ac\ub791", "bloggerlink": "blog.naver.com/caulove23", "postdate": "20230511"}, {"title": "\uc8fc\uc2dd : <b>\ud3ec\uc2a4\ucf54</b>\ud640\ub529\uc2a4 \ud30c\ud5e4\uce58\uae30", "link": "https://blog.naver.com/emily_00/223073189919", "description": "<b>\ud3ec\uc2a4\ucf54</b> \ud640\ub529\uc2a4 \uc54c\uba74 \uc54c\uc218\ub85d \uc815\ub9d0 \uadf8\uc800 \ube5b\uc778 \ud68c\uc0ac\ub2e4. \ub09c \ud3ec\ud56d\uc5d0 \uc544\ud30c\ud2b8\ub97c \uad6c\uc785\ud55c \uc0ac\ub78c\uc73c\ub85c\uc11c \ud3ec\ud56d\uc5d0... \ud3ec\ud56d\uc5d0 \uc65c\uc790\uafb8 \uc774\uac83\uc800\uac83 \ub9cc\ub4dc\ub294\uc9c0 <b>\ud3ec\uc2a4\ucf54</b>\ud640\ub529\uc2a4\ub9cc \ud30c\ud5e4\uce58\uba74 \ub2f5\uc774 \ub098\uc624\ub294\uac70\uc600\ub2e4. https://blog.naver.com... ", "bloggername": "DAZZLING", "bloggerlink": "blog.naver.com/emily_00", "postdate": "20230413"}, {"title": "4.17\ub9e4\ub9e4\uc77c\uc9c0]<b>\ud3ec\uc2a4\ucf54</b>\uc2a4\ud2f8\ub9ac\uc628 <b>\ud3ec\uc2a4\ucf54</b>\uc5e0\ud14d \uc0bc\uc6d0\uac15\uc7ac... ", "link": "https://blog.naver.com/premier_stock/223077175405", "description": "4.17\ub9e4\ub9e4\uc77c\uc9c0} #<b>\ud3ec\uc2a4\ucf54</b>\uc2a4\ud2f8\ub9ac\uc628 #<b>\ud3ec\uc2a4\ucf54</b>\uc5e0\ud14d #\uc0bc\uc6d0\uac15\uc7ac #\uc54c\uc5d0\ud504\uc138\ubbf8 #\uc774\ube0c\uc774\ucca8\ub2e8\uc18c\uc7ac #\uc720\uc2e0 \uc548\ub155\ud558\uc138\uc694. \ud504\ub9ac\ubbf8\uc5b4\uc2a4\ud0c1 \uc774\uc740\ube44\uc785\ub2c8\ub2e4. \uc624\ub298 \ub9e4\ub9e4\ub294 \uc798\ud558\uc168\ub098? \uc624\ub298\ub3c4 \uc5ed\uc2dc \uc0c1\ud55c\uac00\ub294 \ub9ce\uc774 \ub098\uc654\uc2b5\ub2c8\ub2e4. \uc2dc\uc7a5\uc758 \uac15\ud568\uc774... ", "bloggername": "\ud504\ub9ac\ubbf8\uc5b4\uc2a4\ud0c1", "bloggerlink": "blog.naver.com/premier_stock", "postdate": "20230417"}, {"title": "[\ud2b9\uc9d5\uc8fc]<b>\ud3ec\uc2a4\ucf54</b>\ud640\ub529\uc2a4, \ud63c\ub2e4\uc640 \uc804\uae30\ucc28\uc0ac\uc5c5 \ud611\ub825 \uc18c\uc2dd\uc5d0 \uac15\uc138", "link": "https://blog.naver.com/kssil1004/223072162339", "description": "[\ud2b9\uc9d5\uc8fc] #<b>\ud3ec\uc2a4\ucf54</b>\ud640\ub529\uc2a4 , #\ud63c\ub2e4 \uc640 #\uc804\uae30\ucc28\uc0ac\uc5c5 #\ud611\ub825 \uc18c\uc2dd\uc5d0 \uac15\uc138 \uc544\uc2dc\uc544\uacbd\uc81c <b>\ud3ec\uc2a4\ucf54</b>\uadf8\ub8f9\uc774 \uc77c\ubcf8 \uc790\ub3d9\ucc28\ud68c\uc0ac \ud63c\ub2e4\uc640 #\uc804\uae30\uc790\ub3d9\ucc28 (EV) #\ubc30\ud130\ub9ac #\uc18c\uc7ac \uc870\ub2ec\u00b7\uc7ac\ud65c\uc6a9 \ud611\ub825\uc744 \uc2dc\uc791\ud588\ub2e4\ub294 \uc18c\uc2dd\uc5d0... ", "bloggername": "\uc131\uc2e4\ubfdc\ubfdc \uac15\uc131\uc2e4 &apos;s Blog", "bloggerlink": "blog.naver.com/kssil1004", "postdate": "20230412"}, {"title": "\ucca0\uac15---\ucca0\uac15 \uc774\ucee4\uba38\uc2a4 \uc2dc\ub300 \uac1c\ub9c9\u2026<b>\ud3ec\uc2a4\ucf54</b>\u00b7\ub3d9\uad6d\uc81c\uac15 \uc774\uc5b4... ", "link": "https://blog.naver.com/recsy/223100157204", "description": "64% <b>\ud3ec\uc2a4\ucf54</b>\uc758 \uc2a4\ud2f8\uac00\uacf5\uc13c\ud130 \ud64d\uc900\ud45c \ud55c\uad6d\ucca0\uac15 6,900 -0.72% \ubd09\uac15, \ub2e8\uc870\ud488 \ub4f1\uc758 \uc81c\uc870 \ubc0f \ud310\ub9e4\uc5c5\uccb4 - \uc544\uc8fc\uc2a4\ud2f8 9,600 -0.72% \uac00\uc804\uc6a9 \uac15\ud310 \uac1c\ubc1c \ubc0f \ud310\ub9e4 \uae30\uc5c5 - \uc0bc\ud604\ucca0\uac15 5,280 -0.75% <b>\ud3ec\uc2a4\ucf54</b>\uc758 \uc5f4\uc5f0\uc81c\ud488 \ud310\ub9e4... ", "bloggername": "\uc8fc\uc2dd \uacf5\ubd80 \uae30\ub85d", "bloggerlink": "blog.naver.com/recsy", "postdate": "20230512"}, {"title": "\uc1a1\ucc9c\ub3d9 \uc5d0\ucf54\uc2dc\ud2f0- <b>\ud3ec\uc2a4\ucf54</b>3D\ub3c4\uc548", "link": "https://blog.naver.com/hyb7718/223102458406", "description": "\uc1a1\ucc9c\ub3d9 \uc5d0\ucf54\uc2dc\ud2f0\uc5d0 \uc788\ub294 <b>\ud3ec\uc2a4\ucf54</b> \uc544\ud30c\ud2b8 \uacac\uc801 \uc758\ub8b0\uc2dc \ubf51\uc740 3d\ub3c4\uc548\uc785\ub2c8\ub2e4. \uc77c\ubc18\uc801\uc73c\ub85c \uc800\ud76c \ub9e4\uc7a5\uc5d0 \uacac\uc801\uc744 \uc758\ub8b0\ud558\uc2dc\uace0 \ub9ac\ubaa8\ub378\ub9c1\uc758 \uc758\uc0ac\uac00 \uc788\uc73c\uc2e4 \uacbd\uc6b0 3d\ub3c4\uc548\uc73c\ub85c \ubbf8\ub9ac \uccb4\ud5d8\ud558\uc2dc\ub3c4\ub85d \uc81c\uacf5\ud574\ub4dc\ub9ac\uace0 \uc788\uc2b5\ub2c8\ub2e4.... ", "bloggername": "\ub514\uc790\uc778 \ud55c\uc2a4 LX\ud558\uc6b0\uc2dc\uc2a4 \uacf5\uc2dd\ub300\ub9ac\uc810", "bloggerlink": "blog.naver.com/hyb7718", "postdate": "20230515"}, {"title": "<b>\ud3ec\uc2a4\ucf54</b>, \uc815\ube44 \uc790\ud68c\uc0ac \uc2e0\uc124\uacfc \uad00\ub828\ud574 \uc18c\uc0c1\uacf5\uc778 \uc0c1\uc0dd \ub300\ucc45 \ub9c8\ub828\uc5d0... ", "link": "https://blog.naver.com/dong630510/223097669789", "description": "<b>\ud3ec\uc2a4\ucf54</b>, \uc815\ube44 \uc790\ud68c\uc0ac \uc2e0\uc124\uacfc \uad00\ub828\ud574 \uc18c\uc0c1\uacf5\uc778 \uc0c1\uc0dd \ub300\ucc45 \ub9c8\ub828\uc5d0 \ucd1d\ub825 <b>\ud3ec\uc2a4\ucf54</b>\uac00 \uc815\ube44 \uc790\ud68c\uc0ac \uc2e0\uc124\uacfc \uad00\ub828\ud574 \uc9c0\ub09c 3\uc77c\ubd80\ud130 \uc9c0\uc5ed \uc18c\uc0c1\uacf5\uc778\ub4e4\uacfc \uac04\ub2f4\ud68c\ub97c \uc2e4\uc2dc\ud558\uace0, \uc9c0\uc5ed\uc0ac\ud68c\uc640\uc758 \uc0c1\uc0dd \ub300\ucc45 \ub9c8\ub828\uc5d0 \ub098\uc130\ub2e4. \uc624\ub294 6\uc6d4... ", "bloggername": "\ucc3d\uc5c5\uc2e0\ubb38", "bloggerlink": "blog.naver.com/dong630510", "postdate": "20230509"}, {"title": "[\uae30\uc5c5\ud589\uc0ac\ub2e4\uacfc] <b>\ud3ec\uc2a4\ucf54</b>A&amp;C \uae30\uc5c5\uc724\ub9ac\uad50\uc721\ub2e4\uacfc", "link": "https://blog.naver.com/comfactorycoffee/223080010751", "description": "\ub51c\ub9ac\ubc84\ub9ac\ubc15\uc2a4\ub294 <b>\ud3ec\uc2a4\ucf54</b>a&amp;c \uc9c1\uc6d0 \uc724\ub9ac\uad50\uc721\ud589\uc0ac \ub2e4\uacfc\uc600\uc2b5\ub2c8\ub2e4~ \u25fe <b>\ud3ec\uc2a4\ucf54</b>A&amp;C \uae30\uc5c5\uc724\ub9ac\uad50\uc721\ub2e4\uacfc \u25fe \uc218\uc81c\uce94\ucee4\ud53c&amp;\ucfe0\ud0a4 \u25fe <b>\ud3ec\uc2a4\ucf54</b> \ud589\uc0ac\uad50\uc721\uba85 \ub77c\ubca8\uc81c\uc791 \uc9c0\ub09c\uc8fc \uc774\ubc88\uc8fc \uae30\uc5c5\ud589\uc0ac \ucee4\ud53c\ucf00\uc774\ud130\ub9c1\uc8fc\ubb38\uc774 \ub9ce\uc2b5\ub2c8\ub2e4!... ", "bloggername": "\ucee4\ud53c\ucf00\uc774\ud130\ub9c1&\ucf00\uc774\ud130\ub9c1\ubc15\uc2a4[\ucef4\ud329\ud1a0\ub9ac\ucee4\ud53c]", "bloggerlink": "blog.naver.com/comfactorycoffee", "postdate": "20230420"}, {"title": "<b>\ud3ec\uc2a4\ucf54</b>\ud0c0\uc6cc\uc1a1\ub3c4", "link": "https://blog.naver.com/hukim07/223049709245", "description": "\uc791\uac00\uba85/ \uae40\uc2b9\ud658, \uc791\ud488\uba85/ \uc6a9\uc19f\uc74c, \uc7ac\uc9c8/ \ucf54\ub974\ub374\uac15, \ud06c\uae30(Cm)/ 620x420x1700, \uc124\uce58 \uc7a5\uc18c/ \uc778\ucc9c\uc2dc \uc5f0\uc218\uad6c <b>\ud3ec\uc2a4\ucf54</b>... &lt;\uae40\uc2b9\ud658/ \uc6a9\uc19f\uc74c&gt; &lt;\uc6a9\uc19f\uc74c&gt; &lt;\uc791\ud488 \uc124\uba85\ubb38&gt; &lt;\uc778\ucc9c\uc2dc \uc5f0\uc218\uad6c <b>\ud3ec\uc2a4\ucf54</b>\ud0c0\uc6cc\uc1a1\ub3c4&gt; &lt;\uc778\ucc9c\uc2dc \uc5f0\uc218\uad6c... ", "bloggername": "\ud658\uacbd \uc870\ud615\ubb3c-\ub3c4\uc2dc\uc640 \ud568\uaed8 \uc228\uc26c\ub294 \uc608\uc220", "bloggerlink": "blog.naver.com/hukim07", "postdate": "20230320"}, {"title": "<b>\ud3ec\uc2a4\ucf54</b>\ubbf8\uc220\uad00 \uae30\ud68d\uc804 &lt;RE : union - \uc7ac\ud68c&gt;", "link": "https://blog.naver.com/diahan2/223051765791", "description": "<b>\ud3ec\uc2a4\ucf54</b>\ubbf8\uc220\uad00\uc5d0\uc11c \uae30\ud68d\uc804 &lt;RE : union - \uc7ac\ud68c&gt; 2023-03-15 ~ 2023-05-04 \ubb34\ub8cc\uad00\ub78c \ud3ec\uc2a4\ud2b8 \ucf54\ub85c\ub098... \ube5b1.2 6.Show Window 7~9 7.play ground 8.play ground 9.\ucf67\ud138 \uc790\ub974\uae30 10~13 14~16 17~19 \uadf8\ub3d9\uc548 <b>\ud3ec\uc2a4\ucf54</b>\ubbf8\uc220\uad00... ", "bloggername": "\uc0e4\ub860\uc785\ub2c8\ub2e4.", "bloggerlink": "blog.naver.com/diahan2", "postdate": "20230321"}, {"title": "[\uc774\ud654\uc5ec\ub300] \uae30\uc5c5\uc758 \uac00\uce58\ub97c \uc0c8\ub86d\uac8c, <b>\ud3ec\uc2a4\ucf54</b> \ud640\ub529\uc2a4 \ud55c\uc601\uc544... ", "link": "https://blog.naver.com/the_ewha/223083615431", "description": "\uc8fc\uc778\uacf5\uc740 <b>\ud3ec\uc2a4\ucf54</b> \ud640\ub529\uc2a4 \ud55c\uc601\uc544 \ub3d9\ubb38\ub2d8(\ube44\uc11c\ud559\uacfc, 94\ub144 \uc878)\uc785\ub2c8\ub2e4. \ud55c\uc601\uc544 \ub3d9\ubb38\ub2d8\uc740 #\uc0bc\uc131\uc99d\uad8c #\uba54\ub9b4\ub9b0\uce58 \ub4f1 \uad6d\ub0b4\uc678 \uc99d\uad8c\uc0ac\uc5d0\uc11c '\uc560\ub110\ub9ac\uc2a4\ud2b8'\ub85c \ud65c\uc57d\ud558\uc168\uc73c\uba70, SPC\uadf8\ub8f9 \uacbd\uc601\uc804\ub7b5\ucd1d\uad04\uc744 \uac70\uccd0 \uc791\ub144 5\uc6d4 <b>\ud3ec\uc2a4\ucf54</b>... ", "bloggername": "\uc774\ud654\uc5ec\uc790\ub300\ud559\uad50 \ube14\ub85c\uadf8", "bloggerlink": "blog.naver.com/the_ewha", "postdate": "20230424"}, {"title": "<b>\ud3ec\uc2a4\ucf54</b>\uc778\ud130\ub124\uc154\ub110 \ud604\ud669", "link": "https://blog.naver.com/sgtkim79/223084005885", "description": "\ubbf8\uc580\ub9c8 \uac00\uc2a4\uc804 + LNG \uc2dd\ub7c9 \uc720\ud1b5\ub4f1\uc758 \ud638\uc7ac\ub85c <b>\ud3ec\uc2a4\ucf54</b>\uadf8\ub8f9\uc774 \ubaa8\ub450 \ub5a8\uc5b4\uc9c4 \uc624\ub298 \ub2e8\uc77c\uac00\ub85c \ubb36\uc778 <b>\ud3ec\uc2a4\ucf54</b> \uc778\ud130\ub124\uc154\ub110\ub9cc \uc62c\ub77c\uc8fc\ub294 \uae30\uc5fc\uc744 \ud1a0\ud588\uae30 \ub54c\ubb38\uc785\ub2c8\ub2e4 \uc804 \uc880\ub354 \uc0b4\uac70 \uac19\uc2b5\ub2c8\ub2e4 \uae34 \ud638\ud761\uc73c\ub85c \uc7a5\uae30\ud22c\uc790 \ubc14\ub78d\ub2c8\ub2e4.", "bloggername": "-\uc815\uc11d\uc758 \uac01\uc885 \ubcf4\uace0\uc11c -", "bloggerlink": "blog.naver.com/sgtkim79", "postdate": "20230424"}, {"title": "\ud3ec\ud56d \uc2a4\ud0c0\ubc85\uc2a4 :: \ud3ec\ud56d<b>\ud3ec\uc2a4\ucf54</b>DT\uc810 (\ud638\uc218\uacf5\uc6d0 \ubdf0)", "link": "https://blog.naver.com/ssong424/223063242196", "description": "\ud3ec\ud56d \uc2a4\ud0c0\ubc85\uc2a4 \uc911\uc5d0 \ubdf0\ub3c4 \uc88b\uace0 , \uc870\uc6a9\ud574\uc11c \uc790\uc8fc \uac00\ub294 \uacf3 \ucd94\ucc9c\ub4dc\ub9bd\ub2c8\ub2e4 \uc2a4\ud0c0\ubc85\uc2a4 \ud3ec\ud56d<b>\ud3ec\uc2a4\ucf54</b>DT\uc810 \uc785\ub2c8\ub2e4.... \ub108\ubb34 \ub2ec\uc9c0\ub3c4 \uc54a\uace0, \uc801\ub2f9\ud55c \ucee4\ud53c\uc640 \ub2e8\ub9db\uc758 \uc870\ud654\uac00 \uc88b\uc2b5\ub2c8\ub2e4 \uc81c\uac00 \uc88b\uc544\ud558\ub294 \ud3ec\ud56d<b>\ud3ec\uc2a4\ucf54</b>DT\uc810\uc758 \ud638\uc218\ubdf0... ", "bloggername": "\ub0a8\uc774 \ud574\uc8fc\ub294 \ubc25\uc744 \uc88b\uc544\ud558\ub294\u2800\u2800 \uc678\uc2dd\ubcf8\uc88c", "bloggerlink": "blog.naver.com/ssong424", "postdate": "20230403"}, {"title": "<b>\ud3ec\uc2a4\ucf54</b> &apos;\uae08*\uc740*\ub3d9&apos; \uc2a4\ud14c\uc778\ub9ac\uc2a4 \uc2e0\uae30\uc220 \ubd80\ubb38 \ud729\uc4f8\uc5b4", "link": "https://blog.naver.com/hmo3137/223102726455", "description": "#<b>\ud3ec\uc2a4\ucf54</b>\ub294 \uc9c0\ub09c 10~12\uc77c \ubca8\uae30\uc5d0 \ube0c\ub93c\uc140\uc5d0\uc11c \uc5f4\ub9b0 \uad6d\uc81c\uc2a4\ud14c\uc778\ub9ac\uc2a4\ud611\ud68c \ucf58\ud37c\ub7f0\uc2a4\uc5d0\uc11c \uc2e0\uae30\uc220 \ubd80\ubb38 \uae08*\uc740... <b>\ud3ec\uc2a4\ucf54</b>\ub294 &quot;\ub2e8\uc77c \uae30\uc5c5\uc774 \uc2e0\uae30\uc220 \ubd80\ubb38\uc5d0\uc11c \uae08*\uc740*\ub3d9\uc744 \ud729\uc4f4 \uac74 <b>\ud3ec\uc2a4\ucf54</b>\uac00 \ucc98\uc74c\uc774\ub2e4&quot;\uace0 \ubc1d\ud614\ub2e4. #1\uc704\uc5d0... ", "bloggername": "hmo3137", "bloggerlink": "blog.naver.com/hmo3137", "postdate": "20230515"}, {"title": "<b>\ud3ec\uc2a4\ucf54</b>\uc640\uc774\ub4dc [\ud3ec\uc2a4\ud130 \ub514\uc790\uc778 \uc81c\uc791 \uae30\ud68d]", "link": "https://blog.naver.com/grubiz/223074260991", "description": "<b>\ud3ec\uc2a4\ucf54</b>\uc640\uc774\ub4dc \ud3ec\uc2a4\ud130 \ub514\uc790\uc778 \uc81c\uc791 \uae30\ud68d \u24d2 2023, (\uc8fc)\uadf8\ub8e8\ube44\uc988 All rights reserved. \uc548\ub155\ud558\uc138\uc694! \uae30\ud68d\uc774 \uc788\ub294 \ub514\uc790\uc778 '\uadf8\ub8e8\ube44\uc988'\uc785\ub2c8\ub2e4. \uc624\ub298 \uc18c\uac1c\ud574\ub4dc\ub9b4 \ucc45\uc790 \uc81c\uc791\uc740 <b>\ud3ec\uc2a4\ucf54</b>\uc640\uc774\ub4dc \ud3ec\uc2a4\ud130 \ub514\uc790\uc778 \uc81c\uc791... ", "bloggername": "\uae30\ud68d\uc774 \uc788\ub294 \ub514\uc790\uc778_\uadf8\ub8e8\ube44\uc988", "bloggerlink": "blog.naver.com/grubiz", "postdate": "20230417"}, {"title": "\ubdf0\ud2f0\ud480 \ubbfc\ud2b8 \ub77c\uc774\ud504 <b>\ud3ec\uc2a4\ucf54</b> \ud31d\uc5c5 \ud3ec\uc11d\ud638 \uadc0\uc6a4&apos;U&apos; \uc62c\ub9bc\ud53d\uacf5\uc6d0... ", "link": "https://blog.naver.com/hug387/223103993009", "description": "\ud2b9\ud788 \uc5ec\ub7ec\uac00\uc9c0 \ub2e4\uc591\ud55c \ud31d\uc5c5\uc2a4\ud1a0\uc5b4\uac00 \uc788\uc5b4 \uc990\uae38\uac8c \ub9ce\uc558\ub294\ub370, \uadf8\uc911\uc5d0\uc11c\ub3c4 \uadc0\uc5ec\uc6e0\ub358 <b>\ud3ec\uc2a4\ucf54</b> \ud31d\uc5c5\uc2a4\ud1a0\uc5b4... \ub2e4\ub4e4 \ub5bc\ucc3d\ud558\uba74\uc11c \uc990\uae30\ub294\ub370 \uac00\ub9cc \uc549\uc544\ub9cc \uc788\uc5b4\ub3c4 \uc2e0\ub0ac\uc5b4\uc694 \u314e\u314e \uadf8\ub9ac\uace0 \ub0b4\uac00 \ub4e4\ub838\ub358 <b>\ud3ec\uc2a4\ucf54</b> \ud31d\uc5c5\uc2a4\ud1a0\uc5b4!... ", "bloggername": "\uc5b4\uc5ec\uc05c \uc720\uc9c0\ub2c8\uc544", "bloggerlink": "blog.naver.com/hug387", "postdate": "20230517"}, {"title": "\uc9c0\uad6c\uc0c1\uc5d4 \ub9ac\ud2ac\uc774 \uc5bc\ub9c8\ub098 \uc788\uc744\uae4c\uc694? \u5916 - feat. <b>\ud3ec\uc2a4\ucf54</b>\ud640\ub529\uc2a4 IR", "link": "https://ggoose.tistory.com/307", "description": "<b>\ud3ec\uc2a4\ucf54</b>\ud640\ub529\uc2a4, \ud22c\uc790\uc790\ub4e4\uacfc\uc758 \uc18c\ud1b5 \uac15\ud654 \uc704\ud574 'IR \uc720\ud29c\ube0c \ucc44\ub110' \uc624\ud508 <b>\ud3ec\uc2a4\ucf54</b>\ud640\ub529\uc2a4\uac00 \ud22c\uc790\uc790\ub4e4\uacfc\uc758 \uc18c\ud1b5\uc744 \uac15\ud654\ud558\uae30 \uc704\ud574 '<b>\ud3ec\uc2a4\ucf54</b>\ud640\ub529\uc2a4 IR' \uc720\ud29c\ube0c \ucc44\ub110\uc744 \uac1c\uc124\ud588\ub2e4\uace0 \ubc1d\ud614\ub2e4. \uc720\ud29c\ube0c \ucc44\ub110\uc5d0\ub294... ", "bloggername": "RR\uc544\ube60 \uc790\ubcf8\uc2dc\uc7a5 \ud5e4\uc5c4\uce58\uae30", "bloggerlink": "https://ggoose.tistory.com/", "postdate": "20230428"}, {"title": "<b>\ud3ec\uc2a4\ucf54</b> \uc544\uc774\ub514\uc5b4 \ub9c8\ucf13 \ucc38\uac00\ud300 \ubaa8\uc9d1", "link": "https://vikanmichael.tistory.com/863", "description": "\uc624\ub298\uc740 \uc81c25\ud68c <b>\ud3ec\uc2a4\ucf54</b> \uc544\uc774\ub514\uc5b4 \ub9c8\ucf13 \ud50c\ub808\uc774\uc2a4 (POSCO IMP) \ucc38\uac00\ud300 \ubaa8\uc9d1\uc5d0 \ub300\ud574 \uc54c\ub824\ub4dc\ub9ac\ub824\uace0... \uc8fc\uae30\uc5d0\uc11c\ubd80\ud130 <b>\ud3ec\uc2a4\ucf54</b>\uc758 \uc9c0\uc6d0\uc744 \ubc1b\uc73c\uba70 \uc0ac\uc5c5\ud654\uc5d0 \ub300\ud55c \ub2e4\uc591\ud55c \uae30\ud68c\ub97c \uc81c\uacf5\ubc1b\uc744 \uc218 \uc788\uc2b5\ub2c8\ub2e4.... ", "bloggername": "\uc5f0\uad6c\uc6d0", "bloggerlink": "https://vikanmichael.tistory.com/", "postdate": "20230317"}]